company,cik,ticker,kind,first_public_date,ratio_threshold,cash_price,premium_note,effective_date,outcome,evidence_adsh,notes
Global-Tech Advanced Innovations Inc.,1057708,NASDAQ:GAI,merger,2015-12-23,,8.85,"premium of approximately 195.0% to the closing price of the Shares on NASDAQ on July 31, 2015",2016-03-21,completed,0001193125-16-512845,BVI merger.
Earth Search Sciences Inc,752634,OTC:ESSE,oddlot_cashout,2016-01-19,41,0.0062,,,abandoned,0001580695-17-000284,"1-for-41 (Nevada, no vote). Board abandoned 2017-05-25 (8-K 2017-05-31). Filing cites 33% premium to adjusted net book value, not market."
Deer Valley Corp,95047,OTC:DVLY,oddlot_cashout,2016-01-22,250,0.73,"represents a 7.4% premium over the closing stock price of $0.68 on January 4, 2016",2016-04-12,completed,0001193125-16-575162,"1-for-250 reverse 2016-04-12, forward 2016-04-13; written consent (PRE 14C). Pink Sheets/OTCBB. Form 15 2016-05-11."
Champion Industries Inc,19149,OTC:CHMP,oddlot_cashout,2016-02-12,200,0.30,an approximately 25.0% premium to the VWAP of twenty four cents ($0.24) per share,2016-07-27,completed,0000019149-16-000091,"Class A; 1-for-200; formerly Nasdaq, OTC at the time. Effective time extended from 2016-07-18 to 2016-07-27 5pm ET. Form 15 2016-07-28."
"Speed Commerce, Inc.",911650,OTC:SPDC,oddlot_cashout,2016-02-19,16,0.01,"On February 18, 2016, the closing price of our common stock on the OTC Pink was $0.018 per share.",2016-03-30,completed,0001437749-16-028804,"1-for-16. Suspended from Nasdaq 2016-01-21 (Form 25 2016-02-17), OTC Pink at filing. Cash price below the stated last close. Form 15 2016-04-26."
"eLong, Inc.",1290903,NASDAQ:LONG,merger,2016-02-26,,9.00,"represents a premium of 24% over the Company's closing price of $14.50 per ADS on July 31, 2015",2016-05-31,completed,0001144204-16-105906,Cayman merger; $18.00 per ADS.
"Utilicraft Aerospace Industries, Inc.",1334740,OTC:UITA,oddlot_cashout,2016-03-02,2500,0.04,,,unknown,0001019687-16-005318,"1-for-2,500; OTC Pink. Only one SC 13E3, no amendment/8-K/Form 15; company kept filing 10-K/10-Q into 2021-22, so probably never effected. Ticker from EDGAR name."
American Independence Corp (AMIC Holdings),97196,NASDAQ:AMIC,merger,2016-06-28,,24.74,"approximately 182% to $8.77, the last sales price of the Common Stock as of the end of trading on January 5, 2016",2016-09-02,completed,0001144204-16-123198,Short-form merger by IHC. Effective date approximate (8-K 2016-09-06); 25-NSE 2016-08-31.
"Vestin Realty Mortgage II, Inc",1327603,NASDAQ:VRTB,oddlot_cashout,2016-09-15,1000,2.70,"$2.6645 per share in cash (or the closing price of a share of a Common Stock on NASDAQ on September 15, 2016)",2017-03-30,completed,0001642985-17-000052,"1-for-1,000; 8-K says $2,700.00 per post-split share (= $2.70 per pre-split); the premium note is the fee-table basis. First public = PRE 14A 2016-09-15. Form 25 2017-03-20, Form 15 2017-03-30."
"Fantex, Inc.",1573683,,oddlot_cashout,2016-09-19,200,2.73/1.91/12.41/11.08/10.59/12.29,,2017-01-23,completed,0001104659-17-006340,"Tracking stocks (Vernon Davis/EJ Manuel/Mohamed Sanu/Alshon Jeffery/Michael Brockers/Jack Mewhort) per series, final prices; traded only on the Fantex FBS ATS, quotes stop after 2016-08-24. Reverse 2017-01-23, forward 2017-01-24. Not exchange or OTC."
Quadrant 4 System Corp,878802,OTC:QFOR,oddlot_cashout,2016-09-30,10,0.50,100% premium to the volume weighted average closing price of our Common Stock during the 30-trading day period,,unknown,0001185185-16-005529,"Holders of <10 shares. No amendment/Form 15; company kept reporting (fraud/bankruptcy 2017-18), so probably not effected."
Lime Energy Co.,1065860,OTC:LIME,oddlot_cashout,2016-10-07,300,2.49,"On August 30, 2016, the last day trading on Nasdaq, the Common Stock's closing price per share was $1.64",2017-02-10,completed,0001104659-17-008243,"Board picked 1-for-300 from 300/500/1000. Price = greater of $2.49 and the 10-day avg close to 2017-02-10; 8-K says $2.49. Left Nasdaq 2016-08-30, OTC Pink at announcement. Form 15 2017-02-15."
Pendrell Corp,1359555,NASDAQ:PCO,oddlot_cashout,2017-03-20,100,6.73,"purchased 200,000 shares of Class A common stock from another significant shareholder at a price of $6.73 per share",2017-11-30,completed,0001193125-17-368060,1-for-100 (Class A & B). Floor price raised from $6.55 to $6.73. Mar 2017 SC 13E3 also had a pre-split repurchase plan. Ticker from memory (not in fetched text); Nasdaq-listed per proxy. Form 15 2017-12-04.
National Research Corp,70487,NASDAQ:NRCIB,all_cashout,2017-09-18,1764560,53.44,represents approximately 94% of the all-time high closing price for the class B common stock,,abandoned,0001437749-18-007075,"Class B 1-for-1,764,560 would cash out every class B holder but the controlling holder. Replaced by recap effective 2018-04-17: each class B to 1 class A + $19.59 cash."
"Bagger Dave's Burger Tavern, Inc.",1685311,OTC:BAGR,oddlot_cashout,2017-11-13,400,0.31,represents a 100% premium to the 30-day average closing price prior to the Record Date,,completed,0001493152-18-004857,"1-for-400 then 400-for-1, written consent. Final amendment (2018-04-05) says distributions in process; no effective date stated. Form 15 2018-03-19."
NZCH Corp,1083243,OTC:ZPCM,all_cashout,2017-12-22,500000,0.02,,2018-02-27,completed,0000950142-18-000503,"1-for-500,000; 8-K: HRG Group is the sole stockholder afterward. First public = DEF 14C + 8-K 2017-12-22; SC 13E3 2018-01-05."
Powin Energy Corp,1468780,OTC:PWON,oddlot_cashout,2018-06-06,100,1.76,,2018-10-05,completed,0001214659-18-006412,"1-for-100 then 100-for-1. Filings say $176.00 per post-split share (=$1.76 per pre-split), but the final amendment says $176.00 'for each pre-split share'. Inconsistent; check. Form 15 2018-10-10."
"Abtech Holdings, Inc.",1405858,OTC:ABHD,merger,2018-12-10,,1.10,,2019-03-20,completed,0001140361-19-005484,Short-form merger by contributing holders at $1.10 (post-split); reverse split on 2018-11-06 was incidental.
Cantabio Pharmaceuticals Inc.,1550518,OTC:CTBO,oddlot_cashout,2019-03-22,5000,0.01296,"represents over a 381% premium on Cantabio's current market price (based on a closing price of $0.0034 on March 12, 2019",2019-06-17,completed,0001393905-19-000212,"1-for-5,000; OTCQB. Form 15 2019-06-21."
"Eco-Stim Energy Solutions, Inc.",1135657,,other,2019-03-25,4,,,2019-02-23,completed,0001493152-19-003859,1-for-4 reverse split already effective 2019-02-23 when the 13E3 was filed. Fractions cashed (about $16.52 total) to cut holders. Nasdaq delisted (25-NSE 2019-02-26). Form 15 2019-05-10.
Dynasil Corp of America,30831,NASDAQ:DYSL,oddlot_cashout,2019-05-16,8000,1.15,"closing prices of our common stock on May 1, 2019, the last trading day before the public announcement ... were $1.09",2019-08-07,completed,0001144204-19-038204,"1-for-8,000 then 8,000-for-1. Delisted from Nasdaq afterward (Form 25 2019-08-19)."
Parker Drilling Co,76321,NYSE:PKD,oddlot_cashout,2019-09-11,50,30.00,"On September 10, 2019, the last trading day before we announced the Transaction ... closing prices ... were $19.59",2020-03-19,completed,0001193125-20-079587,"Proposed range 1-for-5 to 1-for-100; Board picked 1-for-50 (holders <50 shares). NYSE Form 25 2020-01-29, before the split. Form 15 2020-03-20."
Rokk3r Inc.,1100778,OTC:ROKK,oddlot_cashout,2020-03-17,200,0.64,"represents over a 82% premium on the Company's current market price (based on a closing price of $0.35 on March 11, 2020",2020-05-19,completed,0001477932-20-003002,1-for-200; OTC Pink. Form 15 2020-05-20.
Westell Technologies Inc,1002135,NASDAQ:WSTL,oddlot_cashout,2020-07-13,1000,1.48,"Class A Common Stock on July 9, 2020, the last trading day before the public announcement ... $0.87",2020-10-01,completed,0001002135-20-000082,"Class A and B; 1-for-1,000 then 1,000-for-1. Form 25 2020-10-09, Form 15 2020-10-20."
"Medical Information Technology, Inc.",1011452,,oddlot_cashout,2020-10-01,5000,45.00,MEDITECH's shares of Common Stock are not traded on any public market.,2020-11-30,completed,0001011452-20-000044,"1-for-5,000; no public market, CUSIP N/A. Form 15 2020-12-01."
Reliv International Inc,768710,NASDAQ:RELV,oddlot_cashout,2020-10-21,2000,3.75,"On October 16, 2020, the last trading day prior to the initial announcement ... closing price per share was $3.93",2020-12-21,completed,0001437749-21-000828,"1-for-2,000; reverse/forward certificates filed 2020-12-21 and 22. Cash below the stated pre-announcement close. Form 25 2020-12-21, Form 15 2021-01-19."
A. M. Castle & Co.,18172,OTC:CTAM,oddlot_cashout,2020-10-30,10,0.70,represents a premium of approximately 70% over the 20-day VWAP (volume weighted average price) of the Common Stock,2020-12-29,completed,0001104659-20-140942,1-for-10 only (no forward split noted); OTCQX. Form 15 2021-01-06.
"CCUR Holdings, Inc.",749038,OTC:CCUR,oddlot_cashout,2020-12-23,3000,2.86,"over a 7% premium on the Company's current market price (based on a closing price of $2.87 on December 18, 2020",2021-04-22,completed,0001140361-21-013814,"1-for-3,000; OTCQB (ticker inferred). Initial price $3.06 (premium note refers to it); final paid $2.86. Form 15 2021-04-22."
Thanksgiving Coffee Co Inc,949852,,oddlot_cashout,2021-01-26,200,0.66,There currently does not exist a public trading market for the registrant's common stock.,2021-06-17,completed,0001437749-21-018281,1-for-200; no public market. Restated articles filed 2021-06-17. Form 15-15D 2021-08-03.
"GI Dynamics, Inc.",1245791,,oddlot_cashout,2021-06-11,1000,0.06,There is no established trading market for the Company's Common Stock.,2021-07-19,completed,0001213900-21-039753,"1-for-1,000; delisted from ASX July 2020; no US quote stated. Form 15 2021-07-21."
BankGuam Holding Co,1527383,OTC:BKGM,oddlot_cashout,2022-04-25,500,14.75,represents a 26% premium to the Company's $11.72 per share volume weighted average price for the first quarter of 2022,2022-10-31,completed,0001193125-22-277113,1-for-500; OTC Pink. Form 15 2022-12-09.
"Convey Health Solutions Holdings, Inc.",1787640,NYSE:CNVY,merger,2022-07-25,,10.50,TPG's initial bid of $9.00 per share represented a premium of approximately 66% to the closing price,2022-10-07,completed,0001104659-22-107093,TPG merger; reverse split incidental.
China Index Holdings Ltd,1749797,NASDAQ:CIH,merger,2023-01-20,,1.00,"represents a premium of (i) approximately 42.9% to the closing price of the ADSs on August 22, 2022",2023-04-17,completed,0001104659-23-046260,Cayman merger; per ADS $1.00.
Safeguard Scientifics Inc,86115,NASDAQ:SFE,oddlot_cashout,2023-10-05,100,1.65,"The Cash Payment of $1.65 represents a 65%, 60%, and 53% premium to the September 29, 2023, closing price",2024-01-12,completed,0001104659-24-025473,"Range 1-for-50 to 1-for-100; Board picked 1-for-100. Nasdaq Form 25 2024-02-02, Form 15 2024-02-20."
Mymetics Corp,927761,OTC:MYMX,oddlot_cashout,2023-10-16,2000,0.0023,representing a 30% premium on the 25-day volume weighted average price of Mymetics common share,2023-12-28,completed,0001654954-23-016019,"1-for-2,000; OTCQB. Form 15 2024-01-02."
"Eargo, Inc.",1719395,NASDAQ:EAR,merger,2023-11-21,,,34% premium to closing price of $1.68 as of 10/27/23,2024-02-16,completed,0001140361-24-008290,Patient Square merger; the reverse split mention is the earlier 1-for-20 split. Ticker from memory.
Ashford Inc.,1604738,NYSEAMERICAN:AINC,oddlot_cashout,2024-04-12,10000,5.00,"approximately 125% premium over $2.22 per share, which was the closing price of our common stock on April 1, 2024",2024-07-29,completed,0001104659-24-084075,"1-for-10,000 then forward, applied per account (street-name holders too). High threshold (about $50k). Last NYSE American day 2024-07-26. Form 15 2024-08-08."
Psychemedics Corp,806517,NASDAQ:PMD,oddlot_cashout,2024-09-03,5000,2.35,"closing prices of our common stock on August 9, 2024, the last trading day before the public announcement ... were $1.65",2024-12-03,completed,0001171843-24-006864,"Range 1-for-4,000 to 6,000; final threshold 5,000 shares. Filing typo says 'December 3, 3024'. Form 25 2024-12-13, Form 15 2025-01-02."
Superior Energy Services Inc,886835,,oddlot_cashout,2024-12-17,750,80.00,Our Class A Common Stock is not currently traded on any exchange or quoted on any over-the-counter market,2025-01-29,completed,0001193125-25-016623,"Class A; range 1-for-700 to 800, picked 1-for-750 then forward. Written consent; 8-K 2024-12-16 the day before. No market. Form 15 2025-01-30."
"Leafly Holdings, Inc.",1785592,OTC:LFLY,oddlot_cashout,2025-04-11,500,0.28,represents approximately a 56% premium over the closing sales price of our common stock on the Record Date,2025-06-20,completed,0000950170-25-087546,"Range 1-for-200 to 500; picked 1-for-500. Delisted from Nasdaq early 2025, OTC Pink at filing. Form 15 2025-05-23 and 2025-06-20."
"CLS Holdings USA, Inc.",1522222,OTC:CLSH,oddlot_cashout,2025-05-01,4000000,0.037,to provide the minority shareholders with a liquidity event at a price well above the recent trading price of the stock,,completed,0001185185-25-000695,"1-for-4,000,000; 8-K says fewer than 15 holders remain (borderline squeeze-out). Approved 2025-06-24; no effective date stated. Form 15 2025-06-26. Also CSE-listed (Canada)."
"Anebulo Pharmaceuticals, Inc.",1815974,NASDAQ:ANEB,oddlot_cashout,2025-07-23,2500-7500,3.50,"represents a 111%, 116%, and 150% premium to the July 11, 2025 closing price, the 30-Day VWAP and 90-day VWAP",,unknown,0001493152-25-028828,"Range 1-for-2,500 to 7,500. No split-effective 8-K found. In Dec 2025 switched to a $3.50 issuer tender for up to 300,000 shares (SC TO-I/13E3 2025-12-22). Form 25 2026-02-17, Form 15 2026-03-02."
Mobivity Holdings Corp.,1447380,OTC:MFON,oddlot_cashout,2025-08-01,25000,0.29,"represents a premium of 31.8% over the closing price on July 31, 2025",,unknown,0001140361-25-034448,"1-for-25,000, per account; OTC Pink. Last amendment 2025-09-09 (PRER14A). No effective 8-K or Form 15; pivoted to asset sale (8-K 2026-01-20, closed 2026-03-26); still reporting."
Ridgefield Acquisition Corp,812152,OTC:RDGA,oddlot_cashout,2025-09-17,10000,0.02,The payment amount of $0.02 per share represents a premium over the most recent trading price for the shares.,2026-01-15,completed,0001104659-26-009712,"1-for-10,000 then forward; controlling holder Bronson/SB4. Ticker from EDGAR name. Form 15 2026-02-03."
TELUS International (Cda) Inc.,1825155,NYSE:TIXT,merger,2025-09-18,,,represents a 52.0% premium over TELUS Digital's unaffected closing price of $2.96 per Subordinate Voting Share,2025-10-31,completed,0001104659-25-104644,Plan of arrangement by TELUS; no reverse split in the plan. Effective date = 25-NSE / final 13E3/A date.
"Tile Shop Holdings, Inc.",1552800,NASDAQ:TTSH,oddlot_cashout,2025-10-06,3000,6.60,"closing prices of our common stock on October 3, 2025, the last trading day before the public announcement ... $5.91",2025-12-15,completed,0001140361-25-045538,"Range 1-for-2,000 to 4,000; picked 1-for-3,000 then forward. Last Nasdaq trading day 2025-12-26. Form 25 2025-12-17, Form 15 2026-01-02."
"LakeShore Biopharma Co., Ltd.",1946399,OTC:LSBCF,merger,2025-11-26,,0.90,"represents a premium of approximately 15.4% to the closing price of the Shares on August 15, 2025",2026-06-24,completed,0001213900-26-071392,Cayman merger; the reverse split mention is the 1-for-10 of Oct 2024. Nasdaq delisted 2025-11.
"5&2 Studios, Inc.",1733443,,oddlot_cashout,2025-12-31,173750,3.75,,,completed,0001104659-26-036919,"Series A/B; 1-for-173,750 cuts record holders below 300 (about 16,000 holders). No public market (Reg A, CUSIP N/A). Approved 2026-03-30; Form 15 2026-03-30; no effective date stated."
Cyanotech Corp,768408,OTC:CYAN,oddlot_cashout,2026-01-09,400,0.47,closing price of our Common Stock over the trailing 90 days was $0.37,2026-02-09,completed,0000947871-26-000143,1-for-400 then forward; OTCQB. Form 15 2026-02-13.
