parent_ticker,parent_cik,file_num,received_company,received_ticker,launch_date,expiry_date,discount_pct,upper_limit,final_ratio,upper_limit_in_effect,oversubscribed,proration_pct,odd_lot_priority,odd_lot_quote,results_filing_date,source,notes
BAX,0000010456,005-13005,Baxalta Inc,BXLT,2016-04-21,2016-05-18,7.0,1.4026,1.1591,N,Y,3.6178959,Y,who beneficially own “odd-lots” (less than 100 shares) of Baxter common stock and who validly tendered all of their shares and made the appropriate election will not be subject to proration,2016-05-24,0001193125-16-593310,Baxter's retained ~4.5% Baxalta stake (30.5M sh) during Shire deal; $107.52 per $100; upper limit from 425 0001193125-16-550394; odd-lot excludes Baxter savings-plan participants
LMT,0000936468,005-45071,Abacus Innovations Corp (Splitco) -> Leidos Holdings,LDOS,2016-07-11,2016-08-16,10.0,8.2136,8.2136,Y,Y,8.05,Y,odd-lot stockholders (holders of fewer than 100 shares) not subject to proration,2016-08-23,0001193125-16-679971,Splitco shares converted ~1:1 into Leidos in merger; $111 per $100 advertised (discount/upper limit from 8-K/425 0001193125-16-645469); final proration stated only as 'approximately 8.05 percent'
PG,0000080424,005-20670,Galleria Co -> Coty Inc,COTY,2016-09-01,2016-09-29,7.0,3.9033,3.9033,Y,Y,15.0123,Y,"including 1,487,419 shares of P&G common stock tendered by odd-lot shareholders not subject to proration whose shares were fully accepted in the Exchange Offer",2016-10-05,0001193125-16-723558,Galleria shares converted 1:1 into Coty class A; expired 12:00 midnight ET Sept 29 2016; discount/upper limit from 8-K/425 0001193125-16-699475
PARA,0000813828,005-38637,CBS Radio Inc -> Entercom,ETM,2017-10-19,2017-11-16,7.0,5.7466,5.6796,N,Y,10.3721,Y,"Shareholders who owned fewer than 100 shares of CBS Class B common stock, or an “odd lot” of such shares, and who validly tendered all of their shares, were not subject to proration",2017-11-21,0001193125-17-343126,"Parent was CBS Corp (now PARA), CBS Class B tendered; $1.08 per $1.00 advertised; Radio shares converted 1:1 into Entercom Class A; proration stated 'approximately 10.3721%'"
FTV,0001659166,005-89553,Stevens Holding Co (Newco) -> Altra Industrial Motion,AIMC,2018-08-28,2018-09-26,8.0,2.3203,2.2117,N,Y,11.6114,Y,Odd-lot shareholders (other than plan participants under Fortive savings plans) were eligible for preferential treatment whereby their shares would be fully accepted,2018-10-01,0001193125-18-281381,Newco converted 1:1 into Altra; $108.70 per $100; values $86.9130 FTV / $42.7146 AIMC; discount/upper limit from 425 0001193125-18-260759 and -260718; expired 8:00 a.m. ET
LLY,0000059478,005-17885,Elanco Animal Health,ELAN,2019-02-08,2019-03-08,7.0,4.5262,4.5121,N,Y,13.5970839,Y,"Shareholders who owned fewer than 100 shares of Lilly common stock, or an “odd lot,” who validly tendered all of their shares were not subject to proration",2019-03-13,0001104659-19-014488,$107.53 per $100; discount/upper limit from 425 0001104659-19-006548; final ratio also in 425 0001104659-19-013277
DHR,0000313616,005-31677,Envista Holdings,NVST,2019-11-15,2019-12-13,7.0,5.5784,5.5784,Y,Y,7.2433,Y,"Stockholders who owned fewer than 100 shares of Danaher Common Stock, or an “odd lot,” who validly tendered all of their shares, were not subject to proration",2019-12-18,0001193125-19-311685,$107.53 per $100 if limit not in effect; discount from 425 0001193125-19-292838
MCK,0000927653,005-44207,PF2 SpinCo Inc -> Change Healthcare Inc,CHNG,2020-02-10,2020-03-09,7.0,11.4086,11.4086,Y,Y,14.82,Y,"Stockholders who owned fewer than 100 shares of McKesson common stock, or an “odd lot” of such shares, and who validly tendered all of their shares, were not subject to proration",2020-03-12,0001193125-20-063360,SpinCo converted into equal number of Change shares; limit in effect gave ~$106.62 per $100 at final calc; proration stated 'approximately 14.82%'
ECL,0000031462,005-30248,ChampionX Holding Inc -> Apergy Corp,APY,2020-05-01,2020-06-03,10.0,24.6667,24.6667,Y,Y,4.7060,Y,beneficial holders (other than participants in any of the Ecolab Savings Plans) of fewer than 100 shares of Ecolab common stock who validly tender all of their shares will not be subject to proration,2020-06-05,0001193125-20-157593,"Expired 12:01 a.m. ET June 3 2020 (i.e., end of June 2); ChampionX shares converted into ~equal Apergy shares (Apergy renamed ChampionX, ticker later CHX); limit in effect gave ~$104.14 per $100; discount from 425 0001104659-20-054915"
DD,0001666700,005-90272,Nutrition & Biosciences Inc -> IFF,IFF,2020-12-31,2021-01-29,7.0,0.7180,0.7180,Y,Y,52.5307455,Y,"Such odd-lot stockholders were not subject to proration, and their shares were fully accepted in the Exchange Offer.",2021-02-03,0001193125-21-019602,N&B converted 1:1 into IFF; $107.53 per $100; expired one minute after 11:59 p.m. ET Jan 29 2021; odd-lot provisions not applicable to SIP / DuPont Share Shop shares; no clean-up spin-off
MMM,0000066740,005-18703,Garden SpinCo Corp -> Neogen Corp,NEOG,2022-08-04,2022-08-31,7.0,7.3515,6.7713,N,Y,7.346065,Y,All tenders by odd-lot shareholders were fully accepted in the offer.,2022-09-06,0001140361-22-031397,SpinCo converted into Neogen ~1:1; discount/upper limit from 8-K 0001140361-22-028159; proration stated 'approximately 7.346065%'
JNJ,0000200406,005-12802,Kenvue Inc,KVUE,2023-07-24,2023-08-18,7.0,8.0549,8.0324,N,Y,23.231832,Y,"Shareholders who owned fewer than 100 shares of J&J Common Stock, or an “odd-lot,” who validly tendered all of their shares were not subject to proration",2023-08-23,0001628280-23-030300,Final ratio announced in 425 0001628280-23-029703 (2023-08-16); discount/upper limit from 425 0001628280-23-025389
CMI,0000026172,005-40030,Atmus Filtration Technologies,ATMU,2024-02-14,2024-03-13,7.0,13.3965,12.0298,N,Y,6.992552,Y,"Shareholders who owned fewer than 100 shares of Cummins Common Stock, or an “odd-lot,” who validly tendered all of their shares, were not subject to proration",2024-03-18,0001104659-24-035612,Discount/upper limit from 425 0001104659-24-022999
LEN,0000920760,005-49015,Millrose Properties Inc (Class A),MRP,2025-10-10,2025-11-21,6.0,4.1367,4.1367,Y,Y,8.604228,Y,"Stockholders who owned fewer than 100 shares of Lennar Class A Common Stock, or an “odd-lot,” who have validly tendered all of their shares, were not subject to proration",2025-11-26,0001193125-25-289722,"Lennar Class A tendered; extended twice (Nov 7 -> Nov 14 -> Nov 21, SEC shutdown); expired 12:00 midnight ET Nov 21 2025; final ratio from 425 press release (not in local TO texts); file also holds unrelated 2018 convertible-note SC TO-I"
MDT,0001613103,005-89325,MiniMed Group Inc,MMED,2026-09-14,2026-10-09,7.0,4.5939,,,,,Y,"Medtronic shareholders who beneficially own odd-lots, meaning less than 100 shares of Medtronic Ordinary Shares, and who validly tender all of their shares will not be subject to proration.",,0001628280-26-061674,"NOT in local tender/*.json (found via EDGAR FTS). IN PROGRESS as of 2026-10-02: scheduled expiry midnight ET end of Oct 9 2026 unless extended; final ratio not yet set; may add up to 27,452,053 more MMED shares if oversubscribed"
