ticker,E,entry,exit,how,hold,ret,abn,mcap,px,exit_m,net,net_s
LRCX,2000-02-03,2000-02-04,2000-08-04,cap,126,-0.48030634573304165,-0.5068221879143398,5415.7,137.1,2000-08,-0.5088221879143398,-0.5118221879143398
VALPQ,2000-03-01,2000-03-02,2000-08-30,cap,126,0.2031630170316301,0.11788968470890104,4127.5,32.88,2000-08,0.11588968470890104,0.11288968470890104
KSE,2000-03-10,2000-03-13,2000-08-18,added,111,0.5914057142857141,0.5113589590149232,2786.2,21.875,2000-08,0.5093589590149232,0.5063589590149232
CMOS,2000-03-10,2000-03-13,2000-09-11,cap,126,-0.20261249579791585,-0.2819810110294554,2904.7,124.938,2000-09,-0.2839810110294554,-0.2869810110294554
SSCCQ,2000-03-14,2000-03-15,2000-09-13,cap,126,-0.11965811965811968,-0.18459532104283616,3101.7,14.625,2000-09,-0.18659532104283616,-0.18959532104283616
SYK,2000-03-15,2000-03-16,2000-09-14,cap,126,0.3280521901211557,0.3055230806257203,5333.9,64.38,2000-09,0.3035230806257203,0.3005230806257203
INTU,2000-03-16,2000-03-17,2000-09-15,cap,126,0.03321100917431208,0.03959465397688178,9529.7,54.5,2000-09,0.037594653976881776,0.03459465397688178
Q1,2000-03-17,2000-03-20,2000-07-03,added,73,0.05612244897959173,0.04864577510759127,37400.0,49.0,2000-07,0.04664577510759127,0.043645775107591274
VRSN,2000-03-22,2000-03-23,2000-09-21,cap,126,0.08945868945868929,0.1547558281233996,18257.0,175.5,2000-09,0.1527558281233996,0.1497558281233996
MWW,2000-03-30,2000-03-31,2000-09-29,cap,126,0.03536977491961424,0.08025755546824265,6597.0,77.75,2000-09,0.07825755546824265,0.07525755546824264
SPXC,2000-05-01,2000-05-02,2000-10-30,cap,126,0.06194849630830168,0.08688518321203109,3450.1,111.06,2000-10,0.08488518321203109,0.08188518321203109
POM1,2000-05-11,2000-05-12,2000-11-09,cap,126,-0.1036857027136493,-0.08421254919713805,2933.6,24.69,2000-11,-0.08621254919713806,-0.08921254919713806
CNA,2000-05-12,2000-05-15,2000-11-10,cap,126,0.06861875184856547,0.12819983953380998,5819.6,33.81,2000-11,0.12619983953380998,0.12319983953380997
ES,2000-05-12,2000-05-15,2000-11-10,cap,126,-0.1028336380255942,-0.043252550340349694,3082.9,21.88,2000-11,-0.045252550340349695,-0.04825255034034969
BJS,2000-05-12,2000-05-15,2000-11-10,cap,126,-0.219812426729191,-0.16023133904394649,5520.7,75.063,2000-11,-0.1622313390439465,-0.1652313390439465
AN,2000-05-15,2000-05-16,2000-11-13,cap,126,-0.3597073170731707,-0.28385925860894745,3588.9,10.25,2000-11,-0.28585925860894745,-0.28885925860894746
LGE,2000-05-15,2000-05-16,2000-11-13,cap,126,0.04221546774738272,0.11806352621160598,3007.0,23.688,2000-11,0.11606352621160598,0.11306352621160598
TT2,2000-05-15,2000-05-16,2000-11-13,cap,126,-0.04586666666666672,0.029981391797556545,3202.5,45.0,2000-11,0.027981391797556543,0.024981391797556544
GENZ1,2000-05-15,2000-05-16,2000-11-13,cap,126,0.378661535172119,0.45450959363634225,4315.0,56.125,2000-11,0.45250959363634224,0.44950959363634224
HOT,2000-05-15,2000-05-16,2000-11-13,cap,126,0.12389380530973448,0.19974186377395775,5315.0,28.25,2000-11,0.19774186377395775,0.19474186377395775
LCOS,2000-06-14,2000-06-15,2000-10-27,delist,94,-0.38077572686693206,-0.3208726517299143,7206.1,66.312,2000-10,-0.3228726517299143,-0.3258726517299143
PRSF,2000-06-14,2000-06-15,2000-12-13,cap,126,-0.818525888324873,-0.7374289364633216,8261.0,49.25,2000-12,-0.7394289364633216,-0.7424289364633216
MACR1,2000-06-27,2000-06-28,2000-12-27,cap,126,-0.3554151436031332,-0.27125856427611106,4503.9,95.75,2000-12,-0.27325856427611106,-0.27625856427611106
MGM1,2000-08-08,2000-08-09,2001-02-08,cap,126,-0.1904,-0.09328799359730877,5177.9,25.0,2001-02,-0.09528799359730877,-0.09828799359730878
ZION,2000-08-14,2000-08-15,2001-02-14,cap,126,0.33386363636363625,0.4484818883950664,3864.2,44.0,2001-02,0.4464818883950664,0.4434818883950664
VTSS,2000-08-14,2000-08-15,2000-12-11,added,82,-0.13102282333051563,-0.06041889187619931,11670.7,73.938,2000-12,-0.06241889187619931,-0.06541889187619931
PWER1,2000-08-16,2000-08-17,2000-10-20,added,45,0.17599999999999993,0.24446086238580955,5460.7,144.0,2000-10,0.24246086238580955,0.23946086238580955
FCS,2000-08-16,2000-08-17,2001-02-16,cap,126,-0.5893707439455225,-0.45761587671245474,3558.0,39.062,2001-02,-0.45961587671245474,-0.46261587671245474
WFTIQ,2000-11-08,2000-11-09,2001-05-14,cap,126,0.512564432989691,0.6170484401024018,4064.3,37.25,2001-05,0.6150484401024018,0.6120484401024018
ETFC,2000-11-09,2000-11-10,2001-05-15,cap,126,-0.2941176470588235,-0.21620364888864962,4030.8,12.75,2001-05,-0.21820364888864963,-0.22120364888864963
POT,2000-11-09,2000-11-10,2001-05-15,cap,126,-0.0218805440567712,0.05603345411340266,3187.1,60.87,2001-05,0.05403345411340266,0.05103345411340266
MGM,2000-11-13,2000-11-14,2001-05-17,cap,126,0.04103053435114479,0.11272864755869194,4815.8,31.44,2001-05,0.11072864755869194,0.10772864755869194
VTRS,2000-11-13,2000-11-14,2001-05-17,cap,126,0.03978694213542089,0.11148505534296804,3539.0,27.88,2001-05,0.10948505534296804,0.10648505534296804
AIV,2000-11-14,2000-11-15,2001-05-18,cap,126,0.02938053097345117,0.09975785431361539,2986.8,44.25,2001-05,0.09775785431361539,0.09475785431361539
EA,2001-02-13,2001-02-14,2001-08-15,cap,126,0.14629376100136904,0.25094316278843554,6495.0,51.13,2001-08,0.24894316278843553,0.24594316278843553
MUSE1,2001-02-14,2001-02-15,2001-08-16,cap,126,-0.8189169629652937,-0.70874747143987,4041.3,63.562,2001-08,-0.71074747143987,-0.71374747143987
SCMR,2001-03-13,2001-03-14,2001-09-18,cap,126,-0.633939393939394,-0.5183422838671458,3714.7,12.375,2001-09,-0.5203422838671458,-0.5233422838671458
SNPS,2001-03-20,2001-03-21,2001-09-25,cap,126,-0.11545215100965767,-0.021830201962802165,3446.1,45.56,2001-09,-0.023830201962802167,-0.026830201962802166
CDNS,2001-03-29,2001-03-30,2001-10-04,cap,126,-0.0535424553812871,0.025727404932364473,4505.3,18.49,2001-10,0.02372740493236447,0.02072740493236447
DZA,2001-03-30,2001-04-02,2001-04-25,delist,16,-0.035265700483091855,-0.11381211029044747,3613.2,20.7,2001-04,-0.11581211029044747,-0.11881211029044747
CVC,2001-03-30,2001-04-02,2001-10-05,cap,126,-0.4250724637681159,-0.3640391888118988,14620.1,69.0,2001-10,-0.3660391888118988,-0.3690391888118988
WWCA,2001-03-30,2001-04-02,2001-10-05,cap,126,-0.1785046256508771,-0.11747135069465997,3356.4,39.562,2001-10,-0.11947135069465997,-0.12247135069465998
PMCS,2001-04-02,2001-04-03,2001-08-02,added,84,0.8216403162055337,0.7109418833764731,3959.3,20.24,2001-08,0.7089418833764731,0.7059418833764731
DME,2001-04-10,2001-04-11,2001-10-16,cap,126,0.18649224216610905,0.24423232612053392,3779.8,32.87,2001-10,0.24223232612053391,0.2392323261205339
BEAS,2001-05-01,2001-05-02,2001-11-05,cap,126,-0.6880473372781065,-0.5607803446901868,15706.9,42.25,2001-11,-0.5627803446901868,-0.5657803446901868
COX,2001-05-11,2001-05-14,2001-11-15,cap,126,-0.13166855845629966,-0.04769726659027096,26345.5,44.05,2001-11,-0.04969726659027096,-0.05269726659027096
NCF,2001-07-03,2001-07-05,2002-01-09,cap,126,0.05539597866228951,0.10560965387596488,5138.8,24.37,2002-01,0.10360965387596488,0.10060965387596488
DNA1,2001-07-27,2001-07-30,2002-02-04,cap,126,0.17366412213740468,0.2646860501473344,21634.9,41.92,2002-02,0.26268605014733437,0.25968605014733437
SVELY,2001-08-03,2001-08-06,2002-02-11,cap,126,-0.24840764331210186,-0.17475843300453742,4060.8,39.25,2002-02,-0.17675843300453742,-0.17975843300453742
ESRX,2001-08-14,2001-08-15,2002-02-21,cap,126,-0.07531610775151187,0.00875019806716204,4393.6,58.21,2002-02,0.0067501980671620405,0.0037501980671620404
FLEX,2001-08-14,2001-08-15,2002-02-21,cap,126,-0.30444064901793344,-0.22037434319925953,12224.8,23.42,2002-02,-0.22237434319925953,-0.22537434319925953
CIEN,2001-08-16,2001-08-17,2001-08-30,added,9,-0.06602768903088396,-0.036648674041590557,9181.7,18.78,2001-08,-0.03864867404159056,-0.041648674041590554
MTCH,2001-11-14,2001-11-15,2002-05-20,cap,126,0.4267326732673269,0.4717400729365182,7580.6,20.2,2002-05,0.4697400729365182,0.4667400729365182
FOX1,2002-02-13,2002-02-14,2002-08-15,cap,126,0.0459497868308858,0.21157534456781246,18466.4,21.11,2002-08,0.20957534456781246,0.20657534456781246
MGM,2002-03-26,2002-03-27,2002-09-25,cap,126,0.02382302892796373,0.28759190385159117,5667.7,35.26,2002-09,0.28559190385159117,0.28259190385159116
GILD,2002-03-27,2002-03-28,2002-09-26,cap,126,-0.06068015114469871,0.19071698472676468,7007.7,35.99,2002-09,0.18871698472676468,0.18571698472676468
BRK.B,2002-03-29,2002-04-01,2002-09-27,cap,126,0.03347457627118633,0.31120871260705085,108574.6,2360.0,2002-09,0.30920871260705085,0.30620871260705085
TRH,2002-04-01,2002-04-02,2002-09-30,cap,126,-0.19258809234507912,0.08957795996315321,4288.2,82.3,2002-09,0.0875779599631532,0.0845779599631532
EXPEA,2002-05-15,2002-05-16,2002-11-13,cap,126,-0.18036363636363628,0.012731688029259725,4396.7,82.5,2002-11,0.010731688029259724,0.007731688029259724
MON2,2002-05-15,2002-05-16,2002-08-14,added,62,-0.45129032258064516,-0.2869191736136282,7814.4,31.0,2002-08,-0.2889191736136282,-0.2919191736136282
PLD1,2002-05-15,2002-05-16,2002-11-13,cap,126,0.04148660328435616,0.23458192767725217,4018.7,23.14,2002-11,0.23258192767725216,0.22958192767725216
NVTP,2002-05-15,2002-05-16,2002-11-13,cap,126,-0.3484224965706447,-0.15532717217774872,12628.3,7.29,2002-11,-0.15732717217774872,-0.16032717217774872
RAI,2002-08-01,2002-08-02,2002-09-04,added,22,0.06021978021978014,0.02853410214626928,5018.9,54.6,2002-09,0.02653410214626928,0.02353410214626928
WEC,2002-08-07,2002-08-08,2003-02-07,cap,126,-0.013861386138613874,0.06893135712691667,2952.4,25.25,2003-02,0.06693135712691667,0.06393135712691667
GEN,2002-08-08,2002-08-09,2003-02-10,cap,126,0.4405086285195279,0.5202544933459053,4563.5,30.83,2003-02,0.5182544933459053,0.5152544933459053
SVELY,2002-08-09,2002-08-12,2003-02-11,cap,126,-0.3548717948717949,-0.275529486330634,3983.5,39.0,2003-02,-0.277529486330634,-0.280529486330634
SCG,2002-08-13,2002-08-14,2003-02-13,cap,126,0.020590253946465298,0.1276169292880398,3048.7,29.14,2003-02,0.1256169292880398,0.1226169292880398
VLO,2002-08-13,2002-08-14,2003-02-13,cap,126,0.05016332244517052,0.15718999778674503,3556.7,34.29,2003-02,0.15518999778674503,0.15218999778674502
SPXC,2002-08-13,2002-08-14,2003-02-13,cap,126,-0.289405684754522,-0.1823790094129475,4109.7,100.62,2003-02,-0.1843790094129475,-0.1873790094129475
EL,2002-10-30,2002-10-31,2003-05-05,cap,126,0.14732142857142838,0.09637249047834207,6777.1,29.12,2003-05,0.09437249047834206,0.09137249047834206
DNA1,2002-11-07,2002-11-08,2003-05-13,cap,126,0.10347826086956524,0.0470365430781543,18679.1,34.5,2003-05,0.0450365430781543,0.042036543078154305
ACN,2002-11-08,2002-11-11,2003-05-14,cap,126,-0.020184544405997817,-0.09099804995777672,16749.6,17.34,2003-05,-0.09299804995777672,-0.09599804995777672
CDNS,2002-11-12,2002-11-13,2003-05-16,cap,126,0.12522522522522528,0.059868683956275204,2958.5,11.1,2003-05,0.0578686839562752,0.054868683956275206
CNA,2002-11-14,2002-11-15,2003-05-20,cap,126,-0.043277310924369816,-0.05487468510380067,5214.3,23.8,2003-05,-0.05687468510380067,-0.059874685103800666
BEAS,2002-12-16,2002-12-17,2003-06-19,cap,126,-0.03842794759825319,-0.13936355574354775,4177.5,11.45,2003-06,-0.14136355574354775,-0.14436355574354776
PXD,2003-02-21,2003-02-24,2003-08-22,cap,126,-0.04553868937430583,-0.2361114817370743,2915.6,27.01,2003-08,-0.2381114817370743,-0.2411114817370743
OEI2,2003-03-07,2003-03-10,2003-04-25,delist,33,-0.039119804400978064,-0.1486869465554298,3642.1,20.45,2003-04,-0.1506869465554298,-0.1536869465554298
NFS,2003-03-14,2003-03-17,2003-09-15,cap,126,0.21971830985915486,0.04329517088704149,3576.6,24.85,2003-09,0.04129517088704149,0.03829517088704149
AL1,2003-03-27,2003-03-28,2003-09-26,cap,126,0.33089770354906056,0.17820481922199316,9093.0,28.74,2003-09,0.17620481922199316,0.17320481922199316
GPT1,2003-03-28,2003-03-31,2003-09-29,cap,126,-0.0024436782378737254,-0.19349866997731213,4314.7,44.81,2003-09,-0.19549866997731213,-0.19849866997731214
MTCH,2003-03-31,2003-04-01,2003-09-30,cap,126,0.28604651162790695,0.1243775204610078,10941.5,25.8,2003-09,0.1223775204610078,0.1193775204610078
CVC,2003-03-31,2003-04-01,2003-09-30,cap,126,-0.0904522613065325,-0.25212125247343165,5827.2,19.9,2003-09,-0.25412125247343165,-0.25712125247343165
VALPQ,2003-05-07,2003-05-08,2003-11-05,cap,126,-0.08564408564408554,-0.23047913161488054,3691.0,28.49,2003-11,-0.23247913161488054,-0.23547913161488054
HRC,2003-05-12,2003-05-13,2003-11-10,cap,126,0.13505194305502122,0.02450395445825193,3146.6,51.98,2003-11,0.02250395445825193,0.01950395445825193
TRH,2003-05-14,2003-05-15,2003-11-12,cap,126,0.15904365904365902,0.0410749911853896,3524.1,67.34,2003-11,0.039074991185389596,0.0360749911853896
BLIAQ,2003-05-14,2003-05-15,2003-11-12,cap,126,0.06478873239436611,-0.053179935463903316,3296.9,17.75,2003-11,-0.05517993546390332,-0.058179935463903314
COX,2003-08-08,2003-08-11,2004-02-10,cap,126,0.051624658366231424,-0.11259227016899409,19817.2,32.93,2004-02,-0.11459227016899409,-0.1175922701689941
AMTD1,2003-08-08,2003-08-11,2004-02-10,cap,126,0.6700610997963339,0.5058441712611084,4190.9,9.82,2004-02,0.5038441712611084,0.5008441712611084
SNPS,2003-09-15,2003-09-16,2004-03-17,cap,126,-0.14887892376681622,-0.24020929642563082,5011.3,66.9,2004-03,-0.24220929642563083,-0.24520929642563083
WFTIQ,2003-11-06,2003-11-07,2004-05-11,cap,126,0.2073951173263806,0.16819428407195391,4474.4,33.75,2004-05,0.1661942840719539,0.1631942840719539
LRCX,2003-11-10,2003-11-11,2004-05-13,cap,126,-0.2599398596725694,-0.3059693413653891,3984.8,29.93,2004-05,-0.3079693413653891,-0.3109693413653891
DISH,2003-11-10,2003-11-11,2004-05-13,cap,126,-0.046489859594383676,-0.0925193412872034,17747.8,32.05,2004-05,-0.0945193412872034,-0.09751934128720341
JNPR,2003-11-14,2003-11-17,2004-05-19,cap,126,0.1866818440523621,0.1453209367808479,7080.7,17.57,2004-05,0.1433209367808479,0.1403209367808479
MRVL,2003-12-15,2003-12-16,2004-06-18,cap,126,0.3505233318796337,0.29995010702756275,4876.8,36.69,2004-06,0.29795010702756275,0.29495010702756275
AMZN,2004-02-25,2004-02-26,2004-08-26,cap,126,-0.0792487402656894,-0.0458400052735195,16973.5,43.65,2004-08,-0.047840005273519504,-0.0508400052735195
WTM,2004-03-02,2004-03-03,2004-09-01,cap,126,0.03937823834196896,0.07715159818292328,4431.4,482.5,2004-09,0.07515159818292327,0.07215159818292327
PLD1,2004-03-09,2004-03-10,2004-09-09,cap,126,0.03288145370637441,0.03376971094567083,6327.9,34.67,2004-09,0.031769710945670826,0.028769710945670827
EPD,2004-03-10,2004-03-11,2004-09-10,cap,126,-0.009821428571428537,-0.027280031883163525,4845.3,22.4,2004-09,-0.029280031883163526,-0.03228003188316352
TDS,2004-03-10,2004-03-11,2004-09-10,cap,126,0.10082605194882643,0.08336744863709145,4242.0,72.9,2004-09,0.08136744863709144,0.07836744863709144
INCLF,2004-03-15,2004-03-16,2004-09-15,cap,126,0.05667655786350134,0.04764176047554192,6469.1,33.7,2004-09,0.045641760475541915,0.04264176047554192
GILD,2004-05-05,2004-05-06,2004-07-01,added,38,0.18022845860950487,0.17012202805767584,12474.5,56.73,2004-07,0.16812202805767584,0.16512202805767584
HST,2004-07-26,2004-07-27,2005-01-25,cap,126,0.24538461538461553,0.18061281981205468,4242.6,13.0,2005-01,0.17861281981205468,0.17561281981205468
FLEX,2004-08-06,2004-08-09,2005-02-07,cap,126,0.25244444444444447,0.13029491173416408,6345.4,11.25,2005-02,0.12829491173416407,0.12529491173416407
IMCL,2004-08-06,2004-08-09,2005-02-07,cap,126,-0.09889224572004018,-0.22104177843032058,4227.8,49.65,2005-02,-0.22304177843032058,-0.22604177843032058
POT,2004-08-06,2004-08-09,2005-02-07,cap,126,0.6429085673146149,0.5207590346043345,5343.2,100.0,2005-02,0.5187590346043345,0.5157590346043345
SAFE,2004-08-06,2004-08-09,2005-02-07,cap,126,0.13868075276740544,0.01653122005712504,4160.1,38.65,2005-02,0.01453122005712504,0.011531220057125039
STX,2004-10-29,2004-11-01,2005-05-03,cap,126,0.38740157480314985,0.36017930363761397,5814.6,12.7,2005-05,0.35817930363761397,0.35517930363761396
COX,2004-11-04,2004-11-05,2004-12-08,delist,22,0.005494505494505697,-0.0073806650375543015,21822.9,34.58,2004-12,-0.009380665037554302,-0.012380665037554302
VRSN,2004-11-09,2004-11-10,2005-05-12,cap,126,0.010818608005769947,0.019538792668504,7127.7,27.73,2005-05,0.017538792668504,0.014538792668504
NRTLQ,2005-01-11,2005-01-12,2005-07-14,cap,126,-0.2183908045977011,-0.2549936552344557,13895.6,3.48,2005-07,-0.2569936552344557,-0.2599936552344557
CNA,2005-02-28,2005-03-01,2005-08-29,cap,126,-0.006200482259731355,-0.009994922579784071,7461.1,29.03,2005-08,-0.011994922579784071,-0.014994922579784072
WTM,2005-03-02,2005-03-03,2005-08-31,cap,126,-0.018604720334319813,-0.02982399108172129,7032.5,672.41,2005-08,-0.03182399108172129,-0.03482399108172129
BLK,2005-03-10,2005-03-11,2005-09-09,cap,126,0.0496498249124564,0.014680143045191718,5125.1,79.96,2005-09,0.012680143045191718,0.009680143045191717
LYO,2005-03-16,2005-03-17,2005-09-15,cap,126,-0.09481037924151692,-0.12656306020666452,5775.8,30.06,2005-09,-0.12856306020666453,-0.13156306020666453
NXTP1,2005-03-16,2005-03-17,2005-09-15,cap,126,0.22324902723735418,0.19149634627220657,5392.7,20.56,2005-09,0.18949634627220657,0.18649634627220657
DOFSQ,2005-04-29,2005-05-02,2005-10-28,cap,126,0.2632044198895027,0.23399479789637567,5749.9,45.25,2005-10,0.23199479789637567,0.22899479789637567
GSF1,2005-05-06,2005-05-09,2005-11-04,cap,126,0.2504865165415624,0.21407504141000566,8347.5,35.97,2005-11,0.21207504141000566,0.20907504141000566
L1,2005-05-09,2005-05-10,2005-11-07,cap,126,-0.24095238095238103,-0.2892371150861719,29119.9,10.5,2005-11,-0.2912371150861719,-0.2942371150861719
MTCH,2005-05-10,2005-05-11,2005-11-08,cap,126,-0.41245644599303133,-0.45501871143144834,14517.7,22.96,2005-11,-0.45701871143144834,-0.46001871143144835
AL1,2005-05-10,2005-05-11,2005-11-08,cap,126,0.12691326530612268,0.08435099986770567,12211.2,31.36,2005-11,0.08235099986770567,0.07935099986770566
WEN1,2005-05-12,2005-05-13,2005-11-10,cap,126,0.151543942992874,0.08569534292374148,4997.5,42.1,2005-11,0.08369534292374148,0.08069534292374148
HST,2005-07-25,2005-07-26,2006-01-25,cap,126,0.04932975871313672,0.022412294792267584,6524.1,18.65,2006-01,0.020412294792267582,0.017412294792267583
LAF,2005-08-05,2005-08-08,2006-02-07,cap,126,0.24545178896300812,0.2223780017636603,4922.4,65.96,2006-02,0.2203780017636603,0.2173780017636603
OVV,2005-08-09,2005-08-10,2006-02-09,cap,126,-0.046672621706118855,-0.0716462696425495,39059.8,44.78,2006-02,-0.0736462696425495,-0.0766462696425495
PCP,2005-08-12,2005-08-15,2006-02-14,cap,126,0.16712030484485574,0.13538068281287385,6135.4,91.85,2006-02,0.13338068281287385,0.13038068281287385
VMED,2005-11-10,2005-11-11,2006-05-16,cap,126,0.2592758158247652,0.21443095480343355,5470.5,22.37,2006-05,0.21243095480343355,0.20943095480343354
FLEX,2006-02-08,2006-02-09,2006-08-10,cap,126,0.1517857142857142,0.1441913783945663,5833.2,10.08,2006-08,0.1421913783945663,0.1391913783945663
CVC,2006-03-02,2006-03-03,2006-08-31,cap,126,-0.1215094339622641,-0.13611024166651997,7558.1,26.5,2006-08,-0.13811024166651997,-0.14111024166651998
WTM,2006-03-07,2006-03-08,2006-09-06,cap,126,-0.035055350553505504,-0.05275653583110984,5942.5,542.0,2006-09,-0.05475653583110984,-0.05775653583110984
DTV1,2006-03-10,2006-03-13,2006-09-11,cap,126,0.25947334617854834,0.24720912200715972,21586.9,15.57,2006-09,0.24520912200715972,0.24220912200715972
SEPR,2006-03-16,2006-03-17,2006-09-15,cap,126,-0.1242032416681842,-0.13446200755395976,5941.7,54.91,2006-09,-0.13646200755395976,-0.13946200755395977
GGP,2006-03-31,2006-04-03,2006-10-02,cap,126,0.01058649163667158,-0.01523637123236421,11818.3,47.23,2006-10,-0.01723637123236421,-0.02023637123236421
RCL,2006-04-26,2006-04-27,2006-10-25,cap,126,-0.03664049488460619,-0.09250556395275855,8863.5,42.03,2006-10,-0.09450556395275855,-0.09750556395275856
CNA,2006-05-02,2006-05-03,2006-10-31,cap,126,0.1612403100775195,0.1085242889911111,8227.9,32.25,2006-10,0.1065242889911111,0.1035242889911111
ACIIQ,2006-05-09,2006-05-10,2006-11-07,cap,126,-0.37732071350564245,-0.4230393102615837,7689.5,109.88,2006-11,-0.4250393102615837,-0.4280393102615837
KMP,2006-05-10,2006-05-11,2006-11-08,cap,126,-0.01690450054884729,-0.07769106030447936,7202.2,45.55,2006-11,-0.07969106030447937,-0.08269106030447937
AL1,2006-05-10,2006-05-11,2006-11-08,cap,126,-0.19320923819372626,-0.25399579794935834,21386.5,58.02,2006-11,-0.25599579794935834,-0.25899579794935834
LBTYA,2006-05-10,2006-05-11,2006-11-08,cap,126,0.24016993582210966,0.17938337606647758,9842.2,21.65,2006-11,0.17738337606647758,0.17438337606647758
OVV,2006-08-09,2006-08-10,2007-02-12,cap,126,-0.1202135493372608,-0.24645991818392787,46923.8,54.32,2007-02,-0.24845991818392787,-0.2514599181839279
NBL,2006-11-03,2006-11-06,2007-05-10,cap,126,0.19971469329529246,0.1164296411516077,8282.2,49.07,2007-05,0.1144296411516077,0.1114296411516077
SHPG,2006-11-07,2006-11-08,2007-05-14,cap,126,0.20417921020010632,0.12052792519542699,9312.1,56.47,2007-05,0.11852792519542699,0.11552792519542698
EG,2006-11-09,2006-11-10,2007-05-16,cap,126,0.042779694430754134,-0.053863824087764245,6555.8,101.45,2007-05,-0.05586382408776425,-0.05886382408776424
WYNN,2006-11-09,2006-11-10,2007-05-16,cap,126,0.1714320476943667,0.07478852917584833,7783.0,82.19,2007-05,0.07278852917584833,0.06978852917584832
ETP1,2007-01-09,2007-01-10,2007-07-12,cap,126,0.2187621642662514,0.1279751076038238,5791.6,51.38,2007-07,0.1259751076038238,0.1229751076038238
AAMRQ,2007-02-23,2007-02-26,2007-08-24,cap,126,-0.32141875171844925,-0.34318633455236824,8152.1,36.37,2007-08,-0.34518633455236825,-0.34818633455236825
MIR2,2007-03-01,2007-03-02,2007-08-30,cap,126,0.047361299052774086,-0.006579711980614578,9520.1,36.95,2007-08,-0.008579711980614578,-0.011579711980614579
MOS,2007-04-09,2007-04-10,2007-10-08,cap,126,0.8676844783715012,0.7956977554616056,12668.8,27.51,2007-10,0.7936977554616056,0.7906977554616056
NRG,2007-05-02,2007-05-03,2007-10-31,cap,126,0.12463054187192113,0.09603060838339439,9735.5,81.2,2007-10,0.09403060838339439,0.09103060838339438
GEN1,2007-05-03,2007-05-04,2007-11-01,cap,126,0.14364876385336722,0.14291990087960627,7772.6,23.46,2007-11,0.14091990087960626,0.13791990087960626
NFX1,2007-08-01,2007-08-02,2008-02-01,cap,126,0.06021104903786467,0.11454709239829819,6245.8,48.33,2008-02,0.11254709239829819,0.10954709239829818
OI,2007-08-07,2007-08-08,2008-02-07,cap,126,0.35416666666666674,0.4602869363055909,6190.8,38.4,2008-02,0.4582869363055909,0.4552869363055909
CVC,2007-08-08,2007-08-09,2008-02-08,cap,126,-0.232394366197183,-0.14765676388615756,9887.8,32.66,2008-02,-0.14965676388615756,-0.15265676388615756
CE,2007-10-24,2007-10-25,2008-04-28,cap,126,0.09710144927536235,0.17751504253142136,5987.7,41.4,2008-04,0.17551504253142136,0.17251504253142136
LYO,2007-11-07,2007-11-08,2007-12-20,delist,29,0.01437936138718543,0.016825678321134796,11995.7,47.29,2007-12,0.014825678321134796,0.011825678321134795
AMT,2007-11-09,2007-11-12,2007-11-19,added,5,0.06479943033467839,0.06438189380023163,17743.2,42.13,2007-11,0.062381893800231625,0.05938189380023163
SPWRQ,2007-11-09,2007-11-12,2008-05-14,cap,126,-0.15944666909355654,-0.13905696832807302,11824.9,109.88,2008-05,-0.14105696832807302,-0.14405696832807302
IEP,2007-11-09,2007-11-12,2008-05-14,cap,126,-0.2759763313609468,-0.25558663059546327,7897.3,126.75,2008-05,-0.2575866305954633,-0.2605866305954633
AGCO,2007-11-09,2007-11-12,2008-05-14,cap,126,-0.0019090593543907852,0.018480641411092735,6013.1,57.62,2008-05,0.016480641411092734,0.013480641411092734
LVS,2008-02-29,2008-03-03,2008-08-29,cap,126,-0.4149080587436752,-0.3796271598672707,29317.5,81.03,2008-08,-0.3816271598672707,-0.3846271598672707
KMP,2008-05-06,2008-05-07,2008-11-04,cap,126,-0.07903091060985801,0.20128732333509625,10150.5,59.85,2008-11,0.19928732333509624,0.19628732333509624
TMUS,2008-05-09,2008-05-12,2008-11-07,cap,126,-0.31472081218274106,0.01704623893501489,6601.2,19.7,2008-11,0.01504623893501489,0.01204623893501489
MRVL,2008-06-06,2008-06-09,2008-12-05,cap,126,-0.6607773851590106,-0.3043873983342412,10578.7,16.98,2008-12,-0.3063873983342412,-0.3093873983342412
LBTYA,2008-08-05,2008-08-06,2009-02-05,cap,126,-0.544158641662443,-0.2000959719967328,9523.2,30.89,2009-02,-0.2020959719967328,-0.2050959719967328
ALXN,2008-10-30,2008-10-31,2009-05-05,cap,126,-0.17128834355828215,-0.10663895803726586,2996.0,40.75,2009-05,-0.10863895803726586,-0.11163895803726587
BOKF,2008-11-03,2008-11-04,2009-05-07,cap,126,-0.1742333731581044,-0.07912332435818403,3225.2,50.22,2009-05,-0.08112332435818403,-0.08412332435818404
CEPH,2008-11-05,2008-11-06,2008-11-17,added,7,0.005875119551851382,0.06519715345015642,5166.6,73.19,2008-11,0.06319715345015642,0.06019715345015642
CVC,2008-11-06,2008-11-07,2009-05-12,cap,126,0.2001282873636947,0.23091882646448314,5027.6,15.59,2009-05,0.22891882646448314,0.22591882646448314
HK1,2008-11-06,2008-11-07,2009-05-12,cap,126,0.407849829351536,0.43864036845232446,3886.8,17.58,2009-05,0.43664036845232446,0.43364036845232445
MIR2,2008-11-07,2008-11-10,2009-05-13,cap,126,-0.16192170818505336,-0.11927893586507077,2942.9,16.86,2009-05,-0.12127893586507077,-0.12427893586507077
FLG,2008-11-10,2008-11-11,2009-05-14,cap,126,-0.20617816091954022,-0.20250209987464773,4670.9,13.92,2009-05,-0.20450209987464774,-0.20750209987464774
HOLX,2009-02-05,2009-02-06,2009-08-07,cap,126,0.012022630834511938,-0.15146322798360723,3336.1,14.14,2009-08,-0.15346322798360723,-0.15646322798360723
UGI,2009-02-09,2009-02-10,2009-08-11,cap,126,-0.0041336353340883925,-0.2041095708412477,2903.3,26.49,2009-08,-0.2061095708412477,-0.2091095708412477
MAN,2009-02-20,2009-02-23,2009-08-21,cap,126,0.7404475043029259,0.361077109125431,2409.1,29.05,2009-08,0.359077109125431,0.356077109125431
AXS,2009-02-25,2009-02-26,2009-08-26,cap,126,0.2995169082125604,-0.06480469982764059,3411.8,22.77,2009-08,-0.06680469982764059,-0.06980469982764059
ILMN,2009-02-26,2009-02-27,2009-08-27,cap,126,0.11905521864028112,-0.2795650978753417,4203.4,31.33,2009-08,-0.2815650978753417,-0.2845650978753417
SHPG,2009-02-27,2009-03-02,2009-08-28,cap,126,0.4757396449704143,0.01143369596191568,6865.9,33.8,2009-08,0.00943369596191568,0.00643369596191568
WRB,2009-02-27,2009-03-02,2009-08-28,cap,126,0.2585034013605443,-0.20580254764795436,3408.9,20.34,2009-08,-0.20780254764795436,-0.21080254764795436
PRE1,2009-02-27,2009-03-02,2009-08-28,cap,126,0.20603096984515057,-0.2582749791633481,3407.0,61.35,2009-08,-0.2602749791633481,-0.2632749791633481
CCK,2009-05-05,2009-05-06,2009-11-03,cap,126,0.14047822374039276,0.004706571906227364,3689.9,23.42,2009-11,0.0027065719062273636,-0.00029342809377263645
NLY,2009-05-07,2009-05-08,2009-11-05,cap,126,0.15814266487214002,0.008970799954953534,8066.4,14.86,2009-11,0.006970799954953534,0.003970799954953534
ATVI,2009-05-08,2009-05-11,2009-11-06,cap,126,-0.021739130434782594,-0.19589520233307278,14379.4,11.5,2009-11,-0.19789520233307278,-0.2008952023330728
CPN,2009-05-08,2009-05-11,2009-11-06,cap,126,-0.05752212389380529,-0.23167819579209548,4068.8,11.3,2009-11,-0.23367819579209548,-0.23667819579209548
MNST,2009-05-11,2009-05-12,2009-11-09,cap,126,-0.21133736929003843,-0.41580037907348344,7693.6,43.61,2009-11,-0.41780037907348344,-0.42080037907348344
SCCO,2009-05-11,2009-05-12,2009-11-09,cap,126,0.7736481180966337,0.5691851083131887,17443.5,19.53,2009-11,0.5671851083131887,0.5641851083131887
ACGL,2009-05-11,2009-05-12,2009-11-09,cap,126,0.18452835957804603,-0.019934650205398974,3619.8,58.87,2009-11,-0.021934650205398976,-0.024934650205398975
EG,2009-05-11,2009-05-12,2009-11-09,cap,126,0.24000557180665805,0.03554256202321304,4480.2,71.79,2009-11,0.03354256202321304,0.03054256202321304
BRK.B,2009-08-07,2009-08-10,2010-02-09,cap,126,0.09926253687315634,0.03757326070719924,165313.9,3390.0,2010-02,0.03557326070719924,0.03257326070719924
CLR,2009-08-07,2009-08-10,2010-02-09,cap,126,0.06742825299526345,0.0057389768293063526,6263.5,35.89,2010-02,0.0037389768293063525,0.0007389768293063525
BG,2009-08-10,2009-08-11,2010-02-10,cap,126,-0.1208358570563296,-0.19383294920513128,8769.6,66.04,2010-02,-0.19583294920513128,-0.19883294920513128
MXIM,2009-08-26,2009-08-27,2010-03-01,cap,126,0.01506996770721214,-0.067038349507488,5648.1,18.58,2010-03,-0.069038349507488,-0.072038349507488
RCL,2009-11-03,2009-11-04,2010-05-07,cap,126,0.4453163315350661,0.3848893395411659,4419.5,20.39,2010-05,0.3828893395411659,0.3798893395411659
LZ1,2009-11-06,2009-11-09,2010-05-12,cap,126,0.23536618567928125,0.16344869001440943,4810.5,73.46,2010-05,0.16144869001440942,0.15844869001440942
MRVL,2009-12-09,2009-12-10,2010-06-14,cap,126,-0.06320299946438157,-0.05298969505368023,11121.5,18.67,2010-06,-0.05498969505368023,-0.05798969505368023
STX,2010-02-01,2010-02-02,2010-08-03,cap,126,-0.328848223896663,-0.3455179104340793,8320.7,18.58,2010-08,-0.3475179104340793,-0.3505179104340793
CNA,2010-02-23,2010-02-24,2010-08-24,cap,126,0.05951417004048598,0.10724923591307212,6706.8,24.7,2010-08,0.10524923591307211,0.10224923591307211
ETP1,2010-02-24,2010-02-25,2010-08-25,cap,126,0.00021682567215974835,0.04295650218792735,8069.8,46.12,2010-08,0.040956502187927346,0.03795650218792735
QVCAQ,2010-02-25,2010-02-26,2010-08-26,cap,126,-0.17712470214455922,-0.12736851648445457,6833.1,12.59,2010-08,-0.12936851648445458,-0.13236851648445458
CVC,2010-02-25,2010-02-26,2010-08-26,cap,126,0.05232558139534893,0.10208176705545358,6889.8,24.08,2010-08,0.10008176705545357,0.09708176705545357
TT,2010-02-26,2010-03-01,2010-08-27,cap,126,0.035484857754665144,0.08043972414129485,10238.7,32.69,2010-08,0.07843972414129485,0.07543972414129485
ANRZQ,2010-03-01,2010-03-02,2010-08-30,cap,126,-0.2852198697068403,-0.22381167006334657,5533.0,49.12,2010-08,-0.22581167006334657,-0.22881167006334657
TYC,2010-04-27,2010-04-28,2010-08-26,added,84,-0.031850353892821204,0.08667871295254648,19197.7,39.56,2010-08,0.08467871295254648,0.08167871295254647
TEL,2010-04-29,2010-04-30,2010-10-28,cap,126,-0.02241594022415938,-0.01896505225176648,14121.9,32.12,2010-10,-0.02096505225176648,-0.02396505225176648
PDE,2010-04-29,2010-04-30,2010-10-28,cap,126,-0.01648532805802838,-0.01303444008563548,5602.6,30.33,2010-10,-0.01503444008563548,-0.01803444008563548
NFX1,2010-04-30,2010-05-03,2010-10-29,cap,126,0.006074924063449227,0.02152984720428841,7720.4,59.26,2010-10,0.01952984720428841,0.01652984720428841
UPLMQ,2010-05-05,2010-05-06,2010-11-03,cap,126,-0.03384891279982061,-0.09591726767851727,7185.2,44.61,2010-11,-0.09791726767851727,-0.10091726767851728
LRCX,2010-05-05,2010-05-06,2010-11-03,cap,126,0.23538746363395924,0.17331910875526257,5104.0,37.81,2010-11,0.17131910875526257,0.16831910875526257
HK1,2010-05-05,2010-05-06,2010-11-03,cap,126,-0.16166751398068135,-0.22373586885937802,6506.1,19.67,2010-11,-0.22573586885937802,-0.22873586885937802
LBTYA,2010-05-06,2010-05-07,2010-11-04,cap,126,0.6687815194403772,0.5699140019138627,7105.3,24.06,2010-11,0.5679140019138627,0.5649140019138627
XEC,2010-05-07,2010-05-10,2010-11-05,cap,126,0.19046199701937416,0.13398816781827216,5452.9,67.1,2010-11,0.13198816781827216,0.12898816781827216
SLG,2010-05-10,2010-05-11,2010-11-08,cap,126,0.04571272056279563,-0.011785336935261848,4611.3,65.4,2010-11,-0.013785336935261848,-0.01678533693526185
FLEX,2010-05-24,2010-05-25,2010-11-22,cap,126,0.10937499999999978,-0.005353250788351138,5217.1,6.4,2010-11,-0.007353250788351138,-0.01035325078835114
KMP,2010-07-30,2010-08-02,2011-01-31,cap,126,0.04818394844756879,-0.09300086886353442,13765.4,68.28,2011-01,-0.09500086886353443,-0.09800086886353443
DAL,2010-07-30,2010-08-02,2011-01-31,cap,126,-0.07454401268834254,-0.21572882999944576,9204.6,12.61,2011-01,-0.21772882999944576,-0.22072882999944576
KMR,2010-08-03,2010-08-04,2011-02-02,cap,126,0.07432094650891519,-0.08076447439929058,5166.8,60.01,2011-02,-0.08276447439929058,-0.08576447439929058
WCRX,2010-08-06,2010-08-09,2011-02-07,cap,126,-0.16815423063191715,-0.3361336978414048,6662.3,28.01,2011-02,-0.3381336978414048,-0.3411336978414048
EG,2010-08-09,2010-08-10,2011-02-08,cap,126,0.08279139569784899,-0.0968669064911527,4689.6,79.96,2011-02,-0.0988669064911527,-0.10186690649115271
OVV,2010-10-22,2010-10-25,2011-04-26,cap,126,0.16720837847598413,0.03165656718702037,20772.9,27.69,2011-04,0.029656567187020366,0.026656567187020367
LINEQ,2010-10-28,2010-10-29,2011-05-02,cap,126,0.14232637896541855,-0.0073065014464306355,4993.8,34.99,2011-05,-0.009306501446430636,-0.012306501446430636
CPN,2010-10-29,2010-11-01,2011-05-03,cap,126,0.3533772652388796,0.20826632286142255,5441.7,12.14,2011-05,0.20626632286142255,0.20326632286142254
WFTIQ,2010-11-02,2010-11-03,2011-05-05,cap,126,0.13238636363636358,0.01850557997650526,12516.0,17.6,2011-05,0.016505579976505258,0.013505579976505259
SIRI,2010-11-04,2010-11-05,2011-05-09,cap,126,0.42997382198952905,0.3321902496296856,6105.2,1.528,2011-05,0.3301902496296856,0.32719024962968557
LVS,2010-11-09,2010-11-10,2011-05-12,cap,126,-0.13219999999999998,-0.23850630630630654,34886.8,50.0,2011-05,-0.24050630630630654,-0.24350630630630654
CNA,2011-02-22,2011-02-23,2011-08-23,cap,126,-0.21537396121883656,-0.10409324071814952,8073.9,28.88,2011-08,-0.10609324071814952,-0.10909324071814952
NLY,2011-02-25,2011-02-28,2011-08-26,cap,126,-0.018404907975460016,0.09560185131856935,11019.7,17.93,2011-08,0.09360185131856935,0.09060185131856935
MAC,2011-02-25,2011-02-28,2011-08-26,cap,126,-0.09083728278041081,0.02316947651361856,6123.0,50.64,2011-08,0.021169476513618557,0.018169476513618558
ET,2011-02-28,2011-03-01,2011-08-29,cap,126,-0.03842315369261473,0.034669338478774625,8924.8,40.08,2011-08,0.03266933847877462,0.029669338478774624
RIG,2011-05-04,2011-05-05,2011-11-02,cap,126,-0.18583684746255624,-0.1138362487049781,22056.2,68.77,2011-11,-0.1158362487049781,-0.11883624870497811
VMED,2011-05-05,2011-05-06,2011-11-03,cap,126,-0.22985633978763276,-0.1706163994001515,9966.9,32.02,2011-11,-0.1726163994001515,-0.1756163994001515
CXO,2011-05-06,2011-05-09,2011-11-04,cap,126,0.020828993959591813,0.08941569229688395,9683.9,96.02,2011-11,0.08741569229688395,0.08441569229688395
ATVI,2011-05-09,2011-05-10,2011-11-07,cap,126,0.18346253229974163,0.2541919059657459,13524.9,11.61,2011-11,0.2521919059657459,0.24919190596574592
NUAN,2011-05-10,2011-05-11,2011-11-08,cap,126,0.20983158852981343,0.2586265900174659,6540.5,21.97,2011-11,0.2566265900174659,0.2536265900174659
EPD,2011-05-10,2011-05-11,2011-11-08,cap,126,0.0821057715527651,0.13090077304041758,35183.1,41.41,2011-11,0.12890077304041758,0.12590077304041758
UAL,2011-07-26,2011-07-27,2012-01-26,cap,126,0.20155038759689936,0.19174946876075838,6255.8,18.06,2012-01,0.18974946876075838,0.18674946876075837
HK1,2011-08-03,2011-08-04,2011-08-25,delist,15,0.018659658344283958,0.051754619262294965,11586.4,38.05,2011-08,0.04975461926229496,0.04675461926229497
BX,2011-08-05,2011-08-08,2012-02-07,cap,126,0.3862126245847177,0.18551780897809045,6426.3,12.04,2012-02,0.18351780897809045,0.18051780897809044
CLR,2011-08-05,2011-08-08,2012-02-07,cap,126,0.6975103734439831,0.49681555783735587,10136.9,48.2,2012-02,0.49481555783735587,0.49181555783735587
MGM,2011-08-09,2011-08-10,2012-02-09,cap,126,0.4007744433688287,0.19532426971133465,5638.3,10.33,2012-02,0.19332426971133465,0.19032426971133465
ST,2011-10-24,2011-10-25,2012-04-26,cap,126,0.09924190213645767,-0.0398072648688248,5259.5,29.02,2012-04,-0.0418072648688248,-0.044807264868824796
LINEQ,2011-10-27,2011-10-28,2012-05-01,cap,126,0.03277848911651726,-0.06162275505144543,6804.9,39.05,2012-05,-0.06362275505144543,-0.06662275505144544
EEP,2011-10-31,2011-11-01,2012-05-03,cap,126,0.0,-0.14139344262295084,6708.4,29.9,2012-05,-0.14339344262295084,-0.14639344262295084
CCI,2011-11-03,2011-11-04,2012-03-13,added,87,0.290152963671128,0.17395914792359846,11670.3,41.84,2012-03,0.17195914792359845,0.16895914792359845
BHC,2011-11-04,2011-11-07,2012-05-09,cap,126,0.23376623376623362,0.15868307203646959,13090.4,42.35,2012-05,0.15668307203646958,0.15368307203646958
KMP,2012-02-21,2012-02-22,2012-08-21,cap,126,-0.09067702552719192,-0.13280008661665732,20691.1,90.1,2012-08,-0.13480008661665732,-0.13780008661665732
KMR,2012-02-22,2012-02-23,2012-08-22,cap,126,-0.09139253029928274,-0.12937833136786214,7789.1,80.86,2012-08,-0.13137833136786214,-0.13437833136786215
VRTX,2012-02-22,2012-02-23,2012-08-22,cap,126,0.41485507246376807,0.37686927139518867,7877.5,38.64,2012-08,0.37486927139518866,0.37186927139518866
ETP1,2012-02-22,2012-02-23,2012-08-22,cap,126,-0.10540711129812741,-0.14339291236670682,9991.3,47.53,2012-08,-0.14539291236670682,-0.14839291236670682
QVCAQ,2012-02-23,2012-02-24,2012-08-23,cap,126,-0.021207177814029365,-0.048447373534470484,10605.8,18.39,2012-08,-0.050447373534470485,-0.05344737353447048
PXP,2012-02-24,2012-02-27,2012-08-24,cap,126,-0.09751811992093118,-0.1292329055727246,6414.1,45.53,2012-08,-0.1312329055727246,-0.1342329055727246
NLY,2012-02-28,2012-02-29,2012-08-28,cap,126,0.03610108303249082,0.004134946702028186,16200.4,16.62,2012-08,0.002134946702028186,-0.0008650532979718141
CIT,2012-02-29,2012-03-01,2012-08-29,cap,126,-0.06635536986974677,-0.0938003709588342,8061.7,40.69,2012-08,-0.0958003709588342,-0.0988003709588342
OVV,2012-04-27,2012-04-30,2012-10-26,cap,126,0.07545367717287488,0.06487242315128339,14535.1,20.94,2012-10,0.06287242315128339,0.05987242315128339
LYB,2012-04-30,2012-05-01,2012-09-05,added,88,0.09589360709286043,0.09468570599864434,26235.7,42.86,2012-09,0.09268570599864434,0.08968570599864434
MWE,2012-05-07,2012-05-08,2012-11-07,cap,126,-0.0811659975562925,-0.10438093713886298,5588.6,57.29,2012-11,-0.10638093713886299,-0.10938093713886299
WFTIQ,2012-05-08,2012-05-09,2012-11-08,cap,126,-0.19955156950672648,-0.21649572745574663,10485.7,13.38,2012-11,-0.21849572745574664,-0.22149572745574664
UAL,2012-07-26,2012-07-27,2013-01-30,cap,126,0.26337880377754463,0.18124727796271922,6777.4,19.06,2013-01,0.17924727796271922,0.17624727796271922
MAC,2012-08-03,2012-08-06,2013-02-07,cap,126,0.042726347914547436,-0.03849410760758398,7707.1,58.98,2013-02,-0.040494107607583985,-0.04349410760758398
REGN,2012-10-24,2012-10-25,2013-04-30,added,125,0.3859434387682794,0.2569043381531342,14693.9,155.23,2013-04,0.2549043381531342,0.2519043381531342
RCL,2012-10-25,2012-10-26,2013-05-02,cap,126,0.08812146472164306,-0.042051863895265384,6787.8,33.59,2013-05,-0.044051863895265386,-0.04705186389526538
DAL,2012-10-26,2012-10-31,2013-05-03,cap,126,0.8650051921079958,0.7233709508628594,8197.0,9.63,2013-05,0.7213709508628594,0.7183709508628594
BX,2012-11-02,2012-11-05,2013-05-08,cap,126,0.47794601711652396,0.32644795578413044,8084.9,15.19,2013-05,0.32444795578413044,0.32144795578413043
CPN,2012-11-06,2012-11-07,2013-05-10,cap,126,0.17215909090909065,0.0026056984098064007,8217.1,17.6,2013-05,0.0006056984098064006,-0.0023943015901935994
AGNC,2012-11-08,2012-11-09,2013-05-14,cap,126,-0.06197274497079819,-0.257904997431713,10497.3,30.82,2013-05,-0.259904997431713,-0.26290499743171303
DISH,2013-02-20,2013-02-21,2013-08-21,cap,126,0.2648401826484019,0.17083672566129904,16292.1,35.04,2013-08,0.16883672566129904,0.16583672566129903
QVCAQ,2013-02-28,2013-03-01,2013-08-29,cap,126,0.08309317963496632,0.003808451477711916,11174.9,20.82,2013-08,0.001808451477711916,-0.001191548522288084
ETP1,2013-03-01,2013-03-04,2013-08-30,cap,126,0.07551919446192579,0.005351786667000313,14399.2,47.67,2013-08,0.0033517866670003133,0.00035178666700031325
CNA,2013-04-30,2013-05-01,2013-10-29,cap,126,0.2029028436018958,0.08355737986674305,9032.5,33.76,2013-10,0.08155737986674305,0.07855737986674305
KMR,2013-05-01,2013-05-02,2013-10-30,cap,126,-0.1227272727272728,-0.22626404894010532,10161.5,85.8,2013-10,-0.22826404894010532,-0.23126404894010533
HTZGQ,2013-05-02,2013-05-03,2013-10-31,cap,126,-0.05514403292181069,-0.14450388915283252,9866.9,24.3,2013-10,-0.14650388915283252,-0.14950388915283253
BG,2013-05-03,2013-05-06,2013-11-01,cap,126,0.15591699383062263,0.0667217904680315,10324.9,71.32,2013-11,0.0647217904680315,0.06172179046803151
RIG,2013-05-08,2013-05-09,2013-10-29,added,120,-0.12183573119650337,-0.20956903178589437,19685.0,54.91,2013-10,-0.21156903178589437,-0.21456903178589437
CIT,2013-05-09,2013-05-10,2013-11-07,cap,126,0.06352782158143722,-0.006969699990070133,8873.5,44.39,2013-11,-0.008969699990070133,-0.011969699990070134
ILMN,2013-07-29,2013-07-30,2014-01-29,cap,126,0.813203115341822,0.7612427380952476,10129.4,80.89,2014-01,0.7592427380952476,0.7562427380952476
EEP,2013-07-31,2013-08-01,2014-01-31,cap,126,-0.0637348629700446,-0.10779908422868767,8185.5,31.38,2014-01,-0.10979908422868767,-0.11279908422868767
NXPI,2013-08-02,2013-08-05,2014-02-04,cap,126,0.31358300726662947,0.2861079047475903,8709.2,35.78,2014-02,0.2841079047475903,0.2811079047475903
GGP,2013-08-07,2013-08-08,2013-12-10,added,86,0.029197080291970767,-0.03529055221686317,19821.0,20.55,2013-12,-0.03729055221686317,-0.04029055221686317
MWE,2013-08-07,2013-08-08,2014-02-07,cap,126,0.003913043478260825,-0.05427305781738112,9043.2,69.0,2014-02,-0.05627305781738112,-0.05927305781738112
PCYC,2013-08-08,2013-08-09,2014-02-10,cap,126,0.18655778894472363,0.12336010422438815,8225.9,111.44,2014-02,0.12136010422438814,0.11836010422438814
OVV,2013-10-24,2013-10-25,2014-04-29,cap,126,0.28165938864628837,0.21459488168408303,13585.3,18.32,2014-04,0.21259488168408303,0.20959488168408302
CPN,2013-11-07,2013-11-08,2014-05-13,cap,126,0.1463539010708823,0.07488906943909246,8666.3,19.61,2014-05,0.07288906943909246,0.06988906943909245
TDG,2014-02-05,2014-02-06,2014-08-07,cap,126,0.010451747764487429,-0.06589488284177802,9054.9,172.22,2014-08,-0.06789488284177803,-0.07089488284177803
LNKD,2014-02-13,2014-02-14,2014-08-15,cap,126,0.18121742867888035,0.11763738303166815,22966.3,186.13,2014-08,0.11563738303166815,0.11263738303166815
UAL,2014-02-20,2014-02-21,2014-08-21,cap,126,0.052850877192982315,-0.032036827413032265,15661.8,45.6,2014-08,-0.03403682741303227,-0.03703682741303226
WLL2,2014-05-01,2014-05-02,2014-10-30,cap,126,-0.18360881542699714,-0.24380237067532218,8769.5,72.6,2014-10,-0.24580237067532218,-0.24880237067532218
BPL,2014-05-05,2014-05-06,2014-11-03,cap,126,-0.006863243518047901,-0.08711808879056104,8889.4,78.68,2014-11,-0.08911808879056105,-0.09211808879056105
LVLT,2014-05-08,2014-05-09,2014-11-05,added,125,0.06406179009541124,-0.012443849402354212,10185.7,44.02,2014-11,-0.014443849402354212,-0.017443849402354213
ET,2014-05-08,2014-05-09,2014-11-06,cap,126,0.2069035123132823,0.12608844527774288,27593.6,49.54,2014-11,0.12408844527774288,0.12108844527774287
TMUS,2014-07-31,2014-08-01,2015-02-02,cap,126,-0.09216038300418916,-0.141095447939254,24842.6,33.42,2015-02,-0.143095447939254,-0.146095447939254
BG,2014-07-31,2014-08-01,2015-02-02,cap,126,0.12128712871287117,0.07235206377780634,10842.2,80.8,2015-02,0.07035206377780634,0.06735206377780634
IEP,2014-08-05,2014-08-06,2015-02-05,cap,126,-0.045502747517593756,-0.11865316142918858,12411.6,103.73,2015-02,-0.12065316142918858,-0.12365316142918858
ETP1,2014-08-07,2014-08-08,2015-02-09,cap,126,0.03318037416166608,-0.025761873820118186,17680.0,56.66,2015-02,-0.027761873820118188,-0.030761873820118187
MGM,2014-08-11,2014-08-12,2015-02-11,cap,126,-0.16364369205965335,-0.2328836031845436,12132.9,24.81,2015-02,-0.2348836031845436,-0.2378836031845436
BHC,2014-10-24,2014-10-27,2015-04-29,cap,126,0.6395526960784315,0.5660922556216614,42939.3,130.56,2015-04,0.5640922556216614,0.5610922556216614
MWE,2014-11-05,2014-11-06,2015-05-11,cap,126,-0.05014705882352932,-0.08686869308392797,12122.4,68.0,2015-05,-0.08886869308392797,-0.09186869308392798
RGP1,2014-11-06,2014-11-07,2015-04-29,delist,117,-0.2102960969044415,-0.24585230817620307,11634.6,29.72,2015-04,-0.24785230817620307,-0.2508523081762031
NLY,2014-11-06,2014-11-07,2015-05-12,cap,126,-0.10460992907801414,-0.13726459613811037,10745.2,11.28,2015-05,-0.13926459613811037,-0.14226459613811038
PCYC,2014-11-07,2014-11-10,2015-05-13,cap,126,0.9031945066427827,0.8735837604911991,10321.0,133.98,2015-05,0.8715837604911991,0.8685837604911991
ATVI,2015-02-26,2015-02-27,2015-08-27,cap,126,0.19768439108061742,0.2517525577947539,16864.8,23.32,2015-08,0.24975255779475392,0.2467525577947539
SIG,2015-03-26,2015-03-27,2015-07-29,added,85,-0.10672632582703745,-0.13117465867432032,10209.1,136.33,2015-07,-0.13317465867432032,-0.13617465867432033
MXIM,2015-04-24,2015-04-27,2015-10-23,cap,126,0.1463525147258724,0.16181961156128555,9827.3,33.105,2015-10,0.15981961156128555,0.15681961156128554
TRW,2015-05-05,2015-05-06,2015-05-14,delist,6,0.0012342162726668438,-0.01881000599228222,12100.8,105.33,2015-05,-0.02081000599228222,-0.02381000599228222
KKR,2015-05-07,2015-05-08,2015-11-05,cap,126,-0.16534040671971717,-0.15839399333723914,9828.0,22.62,2015-11,-0.16039399333723914,-0.16339399333723914
IMS,2015-05-15,2015-05-18,2015-11-13,cap,126,-0.0456747404844291,0.003879459421718301,9812.2,28.9,2015-11,0.001879459421718301,-0.0011205405782816992
WPZ,2015-07-30,2015-07-31,2016-02-01,cap,126,-0.5560372859310644,-0.4759897799928221,28614.6,46.13,2016-02,-0.4779897799928221,-0.4809897799928221
NXPI,2015-07-30,2015-07-31,2016-02-01,cap,126,-0.21290854727291464,-0.13286104133467236,21350.8,96.99,2016-02,-0.13486104133467236,-0.13786104133467236
JAH,2015-08-03,2015-08-04,2016-02-03,cap,126,-0.0745319032903109,0.011818273421886905,10591.1,55.01,2016-02,0.009818273421886905,0.0068182734218869044
INCY,2015-08-04,2015-08-05,2016-02-04,cap,126,-0.35084715212689255,-0.26292407886559865,18616.9,110.96,2016-02,-0.26492407886559866,-0.26792407886559866
CLR,2015-08-05,2015-08-06,2016-02-05,cap,126,-0.4397572955793123,-0.34184512855267446,12044.1,34.61,2016-02,-0.34384512855267446,-0.34684512855267446
FWONA,2015-08-05,2015-08-06,2016-02-05,cap,126,-0.13643491897543125,-0.0385227519487934,13077.9,38.26,2016-02,-0.0405227519487934,-0.043522751948793396
NCLH,2015-08-07,2015-08-10,2016-02-09,cap,126,-0.36209703679583205,-0.2427068102678367,13815.8,61.42,2016-02,-0.2447068102678367,-0.2477068102678367
ETP1,2015-08-07,2015-08-10,2016-02-09,cap,126,-0.5671419450947011,-0.4477517185667057,23820.3,46.99,2016-02,-0.4497517185667057,-0.4527517185667057
BHC,2015-10-26,2015-10-27,2016-04-28,cap,126,-0.6781997443856126,-0.6823139747825148,39818.4,109.54,2016-04,-0.6843139747825148,-0.6873139747825148
CXO,2015-11-05,2015-11-06,2016-02-22,added,71,-0.14771605492237283,-0.0750632268896172,14045.3,111.43,2016-02,-0.0770632268896172,-0.0800632268896172
PAA,2015-11-06,2015-11-09,2016-05-11,cap,126,-0.1772646536412078,-0.1696714202694276,11357.7,28.15,2016-05,-0.1716714202694276,-0.1746714202694276
BX,2016-02-26,2016-02-29,2016-08-26,cap,126,0.05660377358490565,-0.06599387055644579,15734.5,25.97,2016-08,-0.06799387055644579,-0.07099387055644579
NLY,2016-02-26,2016-02-29,2016-08-26,cap,126,0.06416584402764047,-0.05843180011371096,9630.0,10.13,2016-08,-0.060431800113710965,-0.06343180011371097
CNH,2016-03-04,2016-03-07,2016-09-02,cap,126,0.061253561253561406,-0.02738495512312733,12005.5,7.02,2016-09,-0.029384955123127332,-0.03238495512312733
CE,2016-04-19,2016-04-20,2016-10-18,cap,126,-0.03019712008947295,-0.047379414235117934,10275.3,71.53,2016-10,-0.049379414235117935,-0.05237941423511793
DISH,2016-04-20,2016-04-21,2016-10-19,cap,126,0.19417879417879402,0.16876844819611714,21966.0,48.1,2016-10,0.16676844819611714,0.16376844819611713
OKS,2016-05-04,2016-05-05,2016-11-02,cap,126,0.049959709911362005,0.02668801161405021,9826.7,37.23,2016-11,0.02468801161405021,0.02168801161405021
DLR,2016-05-06,2016-05-09,2016-05-18,added,7,0.004293688278230956,0.009053511484797494,13395.8,93.16,2016-05,0.007053511484797494,0.004053511484797494
CHTR,2016-08-09,2016-08-10,2016-09-08,added,20,0.05742511906167613,0.05342769211809961,26634.7,254.07,2016-09,0.05142769211809961,0.048427692118099615
NXPI,2016-10-27,2016-10-28,2017-05-02,cap,126,0.05993185007015445,-0.06348021354140121,33466.5,99.78,2017-05,-0.06548021354140121,-0.06848021354140121
WCN,2016-10-31,2016-11-01,2017-05-04,cap,126,0.23711360899237266,0.10560325403289217,13161.3,74.73,2017-05,0.10360325403289217,0.10060325403289216
PAA,2016-11-08,2016-11-09,2017-05-12,cap,126,-0.10661884577763292,-0.21106472802183296,11629.8,30.67,2017-05,-0.21306472802183296,-0.21606472802183296
MGM,2016-11-09,2016-11-10,2017-05-15,cap,126,0.13670613562970924,0.028924464967713837,15837.2,27.87,2017-05,0.026924464967713835,0.023924464967713836
LBTYA,2017-02-16,2017-02-17,2017-08-18,cap,126,-0.09115646258503407,-0.12356958096522885,32474.0,36.75,2017-08,-0.12556958096522886,-0.12856958096522886
SHPG,2017-02-22,2017-02-23,2017-08-23,cap,126,-0.22972389991371867,-0.2640666507173052,54385.7,185.44,2017-08,-0.2660666507173052,-0.2690666507173052
FDC,2017-02-24,2017-02-27,2017-08-25,cap,126,0.11685116851168509,0.08543115248536814,14867.3,16.26,2017-08,0.08343115248536814,0.08043115248536814
MPLX,2017-02-24,2017-02-27,2017-08-25,cap,126,-0.09229943654413753,-0.12371945257045447,13436.5,37.27,2017-08,-0.12571945257045447,-0.12871945257045447
SBAC,2017-03-01,2017-03-02,2017-08-30,cap,126,0.3275503122831367,0.29506615565410255,14363.9,115.28,2017-08,0.29306615565410254,0.29006615565410254
CNH,2017-04-27,2017-04-28,2017-10-26,cap,126,0.09369369369369385,0.020020978639930354,19158.1,11.1,2017-10,0.018020978639930352,0.015020978639930353
HLT,2017-05-02,2017-05-03,2017-06-19,added,32,0.0957377049180328,0.06982358214044138,19559.7,61.0,2017-06,0.06782358214044137,0.06482358214044137
WPZ,2017-05-04,2017-05-05,2017-11-02,cap,126,-0.09785025945144554,-0.172485219818571,39192.2,40.47,2017-11,-0.174485219818571,-0.17748521981857102
IQV,2017-05-08,2017-05-09,2017-08-29,added,78,0.1391954432182272,0.11660105631545403,19635.4,84.27,2017-08,0.11460105631545403,0.11160105631545403
FWONA,2017-08-09,2017-08-10,2018-02-09,cap,126,-0.02525867315885566,-0.09803517463571809,11238.6,32.86,2018-02,-0.1000351746357181,-0.1030351746357181
NLY,2017-11-03,2017-11-06,2018-05-09,cap,126,-0.07880434782608692,-0.11994786723887407,12283.9,11.04,2018-05,-0.12194786723887407,-0.12494786723887408
ETP,2017-11-08,2017-11-09,2018-05-14,cap,126,0.14329083181542202,0.08592552988258695,19067.5,16.47,2018-05,0.08392552988258695,0.08092552988258694
S2,2018-02-06,2018-02-07,2018-08-08,cap,126,0.10344827586206895,0.03698584077408773,20521.8,5.51,2018-08,0.03498584077408773,0.03198584077408773
TTWO,2018-02-08,2018-02-09,2018-03-19,added,25,-0.03642231443061317,-0.07080089951665525,13365.9,108.45,2018-03,-0.07280089951665525,-0.07580089951665525
LBRDA,2018-02-09,2018-02-12,2018-08-13,cap,126,-0.11404198002020427,-0.1772062221246743,15729.7,89.09,2018-08,-0.1792062221246743,-0.1822062221246743
CLR,2018-02-21,2018-02-22,2018-08-22,cap,126,0.3437241948802643,0.28540318896310435,20535.2,48.44,2018-08,0.28340318896310435,0.28040318896310434
MKL,2018-02-23,2018-02-26,2018-08-24,cap,126,0.07939800042544132,0.04481721597060129,15378.3,1128.24,2018-08,0.042817215970601286,0.03981721597060129
PAA,2018-02-27,2018-02-28,2018-08-28,cap,126,0.25260663507109005,0.18535097521465693,15700.3,21.1,2018-08,0.18335097521465693,0.18035097521465693
ACGL,2018-02-28,2018-03-01,2018-08-29,cap,126,0.07373913043478275,-0.01509165028990922,11653.0,86.25,2018-08,-0.01709165028990922,-0.02009165028990922
SIRI,2018-04-25,2018-04-26,2018-10-24,cap,126,-0.10459587955625993,-0.10087840743730081,28164.0,6.31,2018-10,-0.10287840743730081,-0.10587840743730081
MXIM,2018-04-27,2018-04-30,2018-10-26,cap,126,-0.11449541284403675,-0.11759548467496939,15539.9,54.5,2018-10,-0.11959548467496939,-0.12259548467496939
SCCO,2018-05-02,2018-05-03,2018-10-31,cap,126,-0.25997987252599797,-0.2904802152264777,40004.0,51.81,2018-10,-0.2924802152264777,-0.2954802152264777
TFX,2018-05-03,2018-05-04,2018-11-01,cap,126,-0.028034969936183485,-0.05619074769725407,12482.5,271.09,2018-11,-0.058190747697254075,-0.06119074769725407
TWTR,2018-05-03,2018-05-04,2018-06-07,added,23,0.27899484536082486,0.2363288803957846,22940.1,31.04,2018-06,0.2343288803957846,0.2313288803957846
OVV,2018-05-03,2018-05-04,2018-11-01,cap,126,-0.3191489361702128,-0.34730471393128337,12592.2,13.16,2018-11,-0.3493047139312834,-0.3523047139312834
AGR,2018-05-03,2018-05-04,2018-11-01,cap,126,-0.12126796903796533,-0.14942374679903592,16505.2,54.26,2018-11,-0.15142374679903592,-0.15442374679903592
SEP,2018-05-10,2018-05-11,2018-11-08,cap,126,0.10979678495602085,0.08175940177845087,15836.4,32.97,2018-11,0.07975940177845087,0.07675940177845086
VMW,2018-06-11,2018-06-12,2018-12-11,cap,126,0.1094624671207931,0.1624884243845247,60647.7,148.27,2018-12,0.1604884243845247,0.1574884243845247
DXCM,2018-11-06,2018-11-07,2019-05-13,cap,126,-0.19636092138373462,-0.19582713255059714,11560.5,144.65,2019-05,-0.19782713255059714,-0.20082713255059714
OPTU,2018-11-07,2018-11-08,2019-05-14,cap,126,0.23909616395165512,0.22875748302473897,13193.5,19.03,2019-05,0.22675748302473897,0.22375748302473897
LNG,2018-11-08,2018-11-09,2019-05-15,cap,126,0.07489975942261418,0.048618077394964265,15313.1,62.35,2019-05,0.046618077394964264,0.04361807739496427
WP,2019-02-26,2019-02-27,2019-07-30,delist,106,0.3823469178783536,0.30526955398150535,27936.8,97.66,2019-07,0.30326955398150535,0.30026955398150534
LBTYA,2019-02-27,2019-02-28,2019-08-28,cap,126,-0.014421252371916604,-0.051058255386126405,19825.5,26.35,2019-08,-0.05305825538612641,-0.0560582553861264
LVS,2019-04-19,2019-04-22,2019-10-03,added,115,-0.16280113721382605,-0.16331789747151726,52874.0,66.83,2019-10,-0.16531789747151726,-0.16831789747151726
CNA,2019-04-29,2019-04-30,2019-10-28,cap,126,-0.04748543060651833,-0.07904790934946104,12303.0,46.33,2019-10,-0.08104790934946104,-0.08404790934946105
MKL,2019-04-30,2019-05-01,2019-10-29,cap,126,0.05434342101542855,0.015276905131805796,14667.7,1061.03,2019-10,0.013276905131805796,0.010276905131805795
VST,2019-05-03,2019-05-06,2019-11-01,cap,126,0.032687191182060094,-0.012801504945253672,13240.6,26.31,2019-11,-0.014801504945253672,-0.017801504945253673
KKR,2019-05-03,2019-05-06,2019-11-01,cap,126,0.2193708609271523,0.17388216479983853,20164.8,24.16,2019-11,0.17188216479983853,0.16888216479983853
INVH,2019-05-07,2019-05-08,2019-11-05,cap,126,0.21235679214402614,0.1445377819537852,12951.6,24.44,2019-11,0.1425377819537852,0.1395377819537852
BX,2019-05-09,2019-05-10,2019-11-07,cap,126,0.29113288118563174,0.2214348596653264,25744.3,39.81,2019-11,0.2194348596653264,0.21643485966532638
LYV,2019-07-25,2019-07-26,2019-12-23,added,104,-0.04215392983410404,-0.10576109515975562,14998.2,73.54,2019-12,-0.10776109515975563,-0.11076109515975563
NXPI,2019-07-30,2019-07-31,2020-01-30,cap,126,0.2730438146822711,0.1713392119185957,29723.8,103.39,2020-01,0.1693392119185957,0.1663392119185957
LBRDA,2019-08-01,2019-08-02,2020-02-03,cap,126,0.3809864920180106,0.27333834766697507,17814.7,97.72,2020-02,0.27133834766697507,0.26833834766697506
FWONA,2019-08-08,2019-08-09,2020-02-10,cap,126,0.15426078028747425,0.0066028693074318134,12039.0,38.96,2020-02,0.004602869307431813,0.0016028693074318133
DELL,2019-09-10,2019-09-11,2020-03-12,cap,126,-0.4079566003616636,-0.23430131310104751,39010.1,55.3,2020-03,-0.23630131310104752,-0.23930131310104752
NOW,2019-10-25,2019-10-28,2019-11-21,added,18,0.14066203514507558,0.11768148783218413,44583.8,244.7,2019-11,0.11568148783218413,0.11268148783218412
DXCM,2020-02-13,2020-02-14,2020-05-12,added,60,0.4469272168841052,0.5977862216234417,22516.0,283.91,2020-05,0.5957862216234417,0.5927862216234417
LNG,2020-02-25,2020-02-26,2020-08-25,cap,126,0.09053242179407484,-0.014186679329520668,13224.1,48.27,2020-08,-0.01618667932952067,-0.01918667932952067
XYZ,2020-02-26,2020-02-27,2020-08-26,cap,126,0.9384692976925988,0.7702060460371922,33107.0,79.31,2020-08,0.7682060460371922,0.7652060460371922
MRVL,2020-03-23,2020-03-24,2020-09-22,cap,126,0.777676120768527,0.41925539282281443,12522.0,21.86,2020-09,0.41725539282281443,0.41425539282281443
BMRN,2020-05-01,2020-05-04,2020-10-30,cap,126,-0.17629482071713143,-0.3278270702498748,16556.8,90.36,2020-10,-0.3298270702498748,-0.3328270702498748
LBTYA,2020-05-06,2020-05-07,2020-11-04,cap,126,-0.09958885335769752,-0.29376293567137945,13670.6,21.89,2020-11,-0.29576293567137946,-0.29876293567137946
SUI,2020-07-23,2020-07-24,2021-01-25,cap,126,0.04574288130814774,-0.15218157643306385,13126.5,141.88,2021-01,-0.15418157643306385,-0.15718157643306385
TSLA,2020-07-28,2020-07-29,2020-12-21,added,101,1.1674788124993745,1.0360196589560673,285397.4,1499.11,2020-12,1.0340196589560673,1.0310196589560674
MKL,2020-07-28,2020-07-29,2021-01-28,cap,126,-0.029405950380547607,-0.19091554683724044,13980.7,1011.7,2021-01,-0.19291554683724044,-0.19591554683724044
AVTR,2020-07-29,2020-07-30,2021-01-29,cap,126,0.33438914027149313,0.19205675355708385,10894.9,22.1,2021-01,0.19005675355708385,0.18705675355708384
LBRDA,2020-07-31,2020-08-03,2021-02-02,cap,126,0.0727035263387028,-0.08776364115422575,23910.6,137.82,2021-02,-0.08976364115422575,-0.09276364115422575
OPTU,2020-07-31,2020-08-03,2021-02-02,cap,126,0.34409391049156257,0.18362674299863402,14867.7,27.26,2021-02,0.18162674299863402,0.178626742998634
TEVA,2020-08-05,2020-08-06,2021-02-05,cap,126,0.007407407407407307,-0.15225520139228155,12927.2,12.15,2021-02,-0.15425520139228155,-0.15725520139228155
ET,2020-08-06,2020-08-07,2021-02-08,cap,126,0.09797822706065307,-0.06922146209258839,19264.3,6.43,2021-02,-0.0712214620925884,-0.0742214620925884
BX,2020-08-07,2020-08-10,2021-02-09,cap,126,0.35467227211924324,0.19172564399396386,35503.5,52.33,2021-02,0.18972564399396386,0.18672564399396385
KKR,2020-08-07,2020-08-10,2021-02-09,cap,126,0.2577681707646582,0.09482154263937881,31108.2,37.01,2021-02,0.0928215426393788,0.0898215426393788
PODD,2020-08-07,2020-08-10,2021-02-09,cap,126,0.38290673727566915,0.21996010915038977,13905.2,203.94,2021-02,0.21796010915038977,0.21496010915038977
ENPH,2020-10-27,2020-10-28,2021-01-07,added,48,1.0791751775119152,0.9186412890652123,13063.2,102.81,2021-01,0.9166412890652123,0.9136412890652122
DT,2020-10-28,2020-10-29,2021-05-03,cap,126,0.4058091286307055,0.13845959229517013,11464.9,36.15,2021-05,0.13645959229517013,0.13345959229517013
CGNX,2020-10-28,2020-10-29,2021-05-03,cap,126,0.22568725982855464,-0.04166227650698073,11542.3,67.66,2021-05,-0.043662276506980735,-0.04666227650698073
WCN,2020-10-29,2020-10-30,2021-05-04,cap,126,0.2258356826419654,-0.04696397436789557,25997.7,99.32,2021-05,-0.04896397436789557,-0.051963974367895564
SGEN,2020-10-30,2020-11-02,2021-05-05,cap,126,-0.1983858524716633,-0.4574712552578535,33466.5,168.51,2021-05,-0.4594712552578535,-0.4624712552578535
HZNP,2020-11-02,2020-11-03,2021-05-06,cap,126,0.22368958475153145,-0.0234312080348269,15470.1,73.45,2021-05,-0.025431208034826902,-0.0284312080348269
PTON,2020-11-06,2020-11-09,2021-05-12,cap,126,-0.10658934106589346,-0.25000653420668784,36556.6,100.01,2021-05,-0.25200653420668784,-0.25500653420668784
CQP,2021-02-24,2021-02-25,2021-08-25,cap,126,0.017486884836372507,-0.15665587142131066,19757.7,40.03,2021-08,-0.15865587142131066,-0.16165587142131066
NXPI,2021-02-25,2021-02-26,2021-03-22,added,16,0.09778142974527526,0.06562768066545632,52092.2,182.55,2021-03,0.06362768066545632,0.060627680665456325
W,2021-02-25,2021-02-26,2021-08-26,cap,126,0.0064364315869609445,-0.16682048291508966,25670.5,288.98,2021-08,-0.16882048291508966,-0.17182048291508967
SIRI,2021-04-28,2021-04-29,2021-10-27,cap,126,-0.027732463295269127,-0.10838760779843537,26123.3,6.13,2021-10,-0.11038760779843537,-0.11338760779843537
ZG,2021-05-04,2021-05-05,2021-11-02,cap,126,-0.25837237549887215,-0.36937658475924484,31064.3,115.26,2021-11,-0.37137658475924484,-0.37437658475924485
MRNA,2021-05-06,2021-05-07,2021-07-21,added,51,0.9681887833282257,0.9387421804664802,65098.5,163.15,2021-07,0.9367421804664802,0.9337421804664802
MPLX,2021-05-06,2021-05-07,2021-11-04,cap,126,0.09572589191098557,-0.010381376164443346,29704.5,28.31,2021-11,-0.012381376164443346,-0.015381376164443347
ROKU,2021-05-07,2021-05-10,2021-11-05,cap,126,-0.07561129358680874,-0.19665737675664174,36494.9,301.41,2021-11,-0.19865737675664175,-0.20165737675664175
CNH,2021-05-11,2021-05-12,2021-11-09,cap,126,0.08598130841121487,-0.06687629253597427,28949.5,16.05,2021-11,-0.06887629253597427,-0.07187629253597427
BURL,2021-05-27,2021-05-28,2021-11-26,cap,126,-0.12221294492377144,-0.2148945942904985,21787.6,323.37,2021-11,-0.2168945942904985,-0.2198945942904985
PCG,2021-07-29,2021-07-30,2022-01-28,cap,126,0.44368600682593873,0.43584125984183353,18163.7,8.79,2022-01,0.4338412598418335,0.4308412598418335
PINS,2021-07-30,2021-08-02,2022-01-31,cap,126,-0.4824929971988795,-0.5106472054760339,45879.5,57.12,2022-01,-0.5126472054760339,-0.5156472054760339
WMG,2021-08-03,2021-08-04,2022-02-02,cap,126,0.18509350935093516,0.14324650037558317,19032.2,36.36,2022-02,0.14124650037558317,0.13824650037558317
WDAY,2021-11-18,2021-11-19,2022-05-23,cap,126,-0.42152826238660157,-0.26803810478034007,74623.2,286.6,2022-05,-0.27003810478034007,-0.2730381047803401
PODD,2022-02-24,2022-02-25,2022-08-26,cap,126,0.018294774555017712,0.09240099956929526,15919.0,262.37,2022-08,0.09040099956929526,0.08740099956929526
GTM,2022-02-24,2022-02-25,2022-08-26,cap,126,-0.16877028489001078,-0.09466405987573323,19484.9,55.46,2022-08,-0.09666405987573323,-0.09966405987573324
FWONA,2022-05-06,2022-05-09,2022-11-07,cap,126,-0.0039009167154281377,0.04185843230634656,18665.0,51.27,2022-11,0.03985843230634656,0.03685843230634656
DDOG,2022-05-06,2022-05-09,2022-11-07,cap,126,-0.287603814211012,-0.2418444651892373,35117.1,97.53,2022-11,-0.2438444651892373,-0.2468444651892373
ABNB,2022-08-03,2022-08-04,2023-02-03,cap,126,-0.004361684281160794,3.264654917456422e-05,75116.5,119.22,2023-02,-0.001967353450825436,-0.004967353450825436
TRGP,2022-08-04,2022-08-05,2022-10-12,added,47,0.017576898932831098,0.15521687281243546,15412.0,63.72,2022-10,0.15321687281243546,0.15021687281243545
BX,2022-11-04,2022-11-07,2023-05-10,cap,126,-0.10414406595790848,-0.19073440679222897,61768.3,92.18,2023-05,-0.19273440679222897,-0.19573440679222898
TTD,2023-02-15,2023-02-16,2023-08-18,cap,126,0.14444268273347083,0.0753234508337941,24436.4,63.07,2023-08,0.0733234508337941,0.0703234508337941
PANW,2023-02-22,2023-02-23,2023-06-20,added,80,0.28006781816255155,0.18891821500775707,50460.3,188.74,2023-06,0.18691821500775707,0.18391821500775707
LNG,2023-02-23,2023-02-24,2023-08-25,cap,126,0.021740508334917807,-0.08822972225189285,36766.8,157.77,2023-08,-0.09022972225189285,-0.09322972225189285
CQP,2023-02-23,2023-02-24,2023-08-25,cap,126,-0.0009819324430480059,-0.11095216302985866,23959.6,50.92,2023-08,-0.11295216302985867,-0.11595216302985867
ARES,2023-02-24,2023-02-27,2023-08-28,cap,126,0.2575171553337492,0.1442996459680992,24114.4,80.15,2023-08,0.1422996459680992,0.13929964596809918
CHWY,2023-03-22,2023-03-23,2023-09-22,cap,126,-0.4806756369882622,-0.5754183691397489,16883.1,34.93,2023-09,-0.5774183691397489,-0.5804183691397489
MKL,2023-04-26,2023-04-27,2023-10-26,cap,126,0.1038802091203046,0.10354074111516409,17678.6,1323.64,2023-10,0.10154074111516409,0.09854074111516409
BMRN,2023-04-28,2023-05-01,2023-10-30,cap,126,-0.16498247061249738,-0.16517500508820193,17244.6,96.98,2023-10,-0.16717500508820193,-0.17017500508820194
OWL,2023-05-04,2023-05-05,2023-11-03,cap,126,0.28737864077669895,0.23391670150907418,14985.9,10.3,2023-11,0.23191670150907417,0.22891670150907417
RPRX,2023-05-09,2023-05-10,2023-11-08,cap,126,-0.1842882457176609,-0.24338961425344863,21568.6,33.86,2023-11,-0.24538961425344863,-0.24838961425344863
CPNG,2023-05-10,2023-05-11,2023-11-09,cap,126,-0.07443563148261134,-0.12711318468184452,30854.1,16.39,2023-11,-0.12911318468184452,-0.13211318468184452
ZM,2023-05-25,2023-05-26,2023-11-27,cap,126,-0.010864644635581677,-0.09290835683976251,18403.0,66.27,2023-11,-0.09490835683976251,-0.09790835683976251
SUI,2023-07-27,2023-07-28,2024-01-29,cap,126,-0.04007604562737643,-0.11525331954841278,17562.7,131.5,2024-01,-0.11725331954841278,-0.12025331954841278
BAH,2023-07-28,2023-07-31,2024-01-30,cap,126,0.19491245457548745,0.12260855977656226,14908.8,121.08,2024-01,0.12060855977656226,0.11760855977656226
ENTG,2023-08-03,2023-08-04,2024-02-05,cap,126,0.183905770563199,0.08153563560650601,15499.9,101.03,2024-02,0.079535635606506,0.076535635606506
APO,2023-08-07,2023-08-08,2024-02-07,cap,126,0.2839476236663434,0.17397547881954667,48876.2,82.48,2024-02,0.17197547881954667,0.16897547881954667
KKR,2023-08-08,2023-08-09,2024-02-08,cap,126,0.5681338314114015,0.450197768595922,53346.6,61.57,2024-02,0.448197768595922,0.44519776859592197
PLTR,2023-11-03,2023-11-06,2024-05-08,cap,126,0.1628910463861919,-0.024168560214831825,38668.3,18.54,2024-05,-0.026168560214831826,-0.029168560214831826
UBER,2023-11-07,2023-11-08,2023-12-18,added,27,0.247070707070707,0.16766533257099292,98375.2,49.5,2023-12,0.16566533257099292,0.16266533257099292
SPLK,2023-11-28,2023-11-29,2024-03-15,delist,73,0.04183266932270935,-0.07963408239854619,25421.6,150.6,2024-03,-0.08163408239854619,-0.0846340823985462
WDAY,2023-11-28,2023-11-29,2024-05-31,cap,126,-0.19750275152757224,-0.3575520245308057,61787.5,263.49,2024-05,-0.3595520245308057,-0.3625520245308057
COIN,2024-02-15,2024-02-16,2024-08-19,cap,126,0.13393599911263943,0.013618087559317038,38370.2,180.31,2024-08,0.011618087559317038,0.008618087559317037
XYZ,2024-02-22,2024-02-23,2024-08-23,cap,126,-0.1718195641155601,-0.2787015174482369,39590.6,78.92,2024-08,-0.2807015174482369,-0.2837015174482369
DDOG,2024-02-23,2024-02-26,2024-08-26,cap,126,-0.09748743718592967,-0.20578997280916334,43080.0,129.35,2024-08,-0.20778997280916334,-0.21078997280916334
CRWD,2024-03-07,2024-03-08,2024-06-24,added,73,0.17060448750511092,0.10998539894105241,79144.0,322.85,2024-06,0.10798539894105241,0.10498539894105241
CVNA,2024-05-01,2024-05-02,2024-10-31,cap,126,1.1228326180257513,0.9968797043374555,16741.5,116.5,2024-10,0.9948797043374555,0.9918797043374555
WLK,2024-05-02,2024-05-03,2024-11-01,cap,126,-0.1320853858784894,-0.24894665834616903,19127.3,152.25,2024-11,-0.250946658346169,-0.25394665834616903
CRBG,2024-05-03,2024-05-06,2024-11-04,cap,126,0.07973990417522248,-0.023324540140165384,17506.1,29.22,2024-11,-0.025324540140165386,-0.028324540140165385
RKT,2024-05-07,2024-05-08,2024-11-06,cap,126,0.13472622478386165,-0.008064625773960277,27421.7,13.88,2024-11,-0.010064625773960277,-0.013064625773960278
VRT,2024-07-26,2024-07-29,2025-01-29,cap,126,0.4161538461538461,0.3114288296328094,28629.9,78.0,2025-01,0.3094288296328094,0.3064288296328094
PINS,2024-07-30,2024-07-31,2025-01-31,cap,126,0.031611893583724626,-0.06099717306357677,25523.2,31.95,2025-01,-0.06299717306357677,-0.06599717306357678
TRU,2024-10-23,2024-10-24,2025-04-29,cap,126,-0.22702550637659413,-0.18400361562319323,20553.1,106.64,2025-04,-0.18600361562319323,-0.18900361562319323
TPG,2024-11-04,2024-11-05,2025-05-09,cap,126,-0.18528252299605785,-0.16385023584502612,24056.6,60.88,2025-05,-0.16585023584502612,-0.16885023584502612
CPNG,2024-11-06,2024-11-07,2025-05-13,cap,126,0.057745917960971616,0.07247031815572991,48232.7,25.11,2025-05,0.0704703181557299,0.0674703181557299
CG,2024-11-07,2024-11-08,2025-05-14,cap,126,-0.10089814637875028,-0.08317802400960328,19326.2,52.33,2025-05,-0.08517802400960328,-0.08817802400960328
HUBS,2025-02-12,2025-02-13,2025-08-15,cap,126,-0.463993363506606,-0.5192801297802025,40496.1,819.71,2025-08,-0.5212801297802026,-0.5242801297802026
DASH,2025-02-14,2025-02-18,2025-03-24,added,24,-0.06128225692314959,-0.00010382391525087797,85422.1,211.97,2025-03,-0.002103823915250878,-0.005103823915250878
TKO,2025-02-26,2025-02-27,2025-03-24,added,17,0.017839313053318318,0.03658984719569913,26643.0,150.23,2025-03,0.03458984719569913,0.031589847195699135
TOST,2025-02-26,2025-02-27,2025-08-28,cap,126,0.1977084998667733,0.0885383434698841,20561.6,37.53,2025-08,0.0865383434698841,0.08353834346988409
OKTA,2025-03-05,2025-03-06,2025-09-05,cap,126,-0.17748606365761554,-0.3076217344159399,18559.4,111.22,2025-09,-0.3096217344159399,-0.3126217344159399
WCN,2025-04-24,2025-04-25,2025-10-24,cap,126,-0.09075950017997636,-0.3206919424289958,50502.1,194.47,2025-10,-0.3226919424289958,-0.3256919424289958
RDDT,2025-05-02,2025-05-05,2025-11-03,cap,126,0.7620562193759133,0.5494069318743604,21489.6,116.33,2025-11,0.5474069318743604,0.5444069318743604
NTNX,2025-06-03,2025-06-04,2025-12-03,cap,126,-0.3848846253564947,-0.5324858536886815,20549.0,77.14,2025-12,-0.5344858536886815,-0.5374858536886815
GWRE,2025-06-04,2025-06-05,2025-12-04,cap,126,-0.17599063048994723,-0.3300079983341426,18301.1,256.15,2025-12,-0.33200799833414263,-0.33500799833414263
MSTR,2025-08-05,2025-08-06,2026-02-05,cap,126,-0.7209514618815367,-0.7918133728142465,106419.5,383.41,2026-02,-0.7938133728142465,-0.7968133728142465
TLN,2025-08-07,2025-08-08,2026-02-09,cap,126,-0.056101206362762834,-0.1451969093038472,17233.2,374.68,2026-02,-0.1471969093038472,-0.15019690930384721
TWLO,2025-08-08,2025-08-11,2026-02-10,cap,126,0.2847252271743834,0.1963493308352211,18685.8,92.44,2026-02,0.1943493308352211,0.1913493308352211
AFRM,2025-08-28,2025-08-29,2026-03-03,cap,126,-0.4593036400633055,-0.5139970746807772,25030.5,88.46,2026-03,-0.5159970746807772,-0.5189970746807772
P,2025-09-10,2025-09-11,2026-03-13,cap,126,-0.254183846713558,-0.26126989814065227,25888.3,82.46,2026-03,-0.26326989814065227,-0.2662698981406523
ALNY,2025-10-30,2025-10-31,2026-05-05,cap,126,-0.33972897114288225,-0.40088194888677575,63126.3,456.04,2026-05,-0.40288194888677575,-0.40588194888677576
COHR,2025-11-05,2025-11-06,2026-03-23,added,92,0.601067168863779,0.6233404454074677,20052.2,159.3,2026-03,0.6213404454074677,0.6183404454074677
TEVA,2025-11-05,2025-11-06,2026-05-11,cap,126,0.46524938675388405,0.3623268583714938,23470.7,24.46,2026-05,0.3603268583714938,0.3573268583714938
ONC,2025-11-06,2025-11-07,2026-05-12,cap,126,-0.015313935681470214,-0.1154823485762344,35351.5,319.97,2026-05,-0.11748234857623441,-0.12048234857623441
MRVL,2025-12-03,2025-12-04,2026-06-08,cap,126,1.9414460285132384,1.8613308894843221,80080.5,98.2,2026-06,1.8593308894843221,1.8563308894843222
LPLA,2026-02-23,2026-02-24,2026-08-25,cap,126,0.17227081308713954,0.05797678529925854,25549.6,308.7,2026-08,0.055976785299258536,0.05297678529925854
FWONA,2026-02-26,2026-02-27,2026-08-28,cap,126,0.10726561574019189,-0.014252190641825369,20401.9,84.37,2026-08,-0.01625219064182537,-0.01925219064182537
